Algorithm,Map,Path_Length,Visited,Success,Hesitations,Time_ms,Path_Risk_Score
ZEN,lak504d.map,241,5917,1,0,18.95651000086218,763.0
A*,lak504d.map,241,5949,1,0,12.242711993167177,1066.0
Weighted A*,lak504d.map,251,2553,1,0,6.684469000902027,1255.0
Chance-Constrained A*,lak504d.map,0,149769,0,0,664.6666539891157,0.0
CVaR A*,lak504d.map,0,149769,0,0,770.1635700068437,0.0
Risk-Penalized A*,lak504d.map,281,10764,1,0,28.881849022582173,103.0
Risk-Penalized Dijkstra,lak504d.map,281,15001,1,0,38.844013994093984,103.0
Risk-Penalized Greedy,lak504d.map,321,1527,1,0,3.425678994972259,553.0
BFS,lak504d.map,241,15102,1,0,17.671125999186188,1066.0
DFS,lak504d.map,1229,9818,1,0,9.89705600659363,3738.0
Dijkstra,lak504d.map,241,15053,1,0,30.748108023544773,1066.0
Greedy,lak504d.map,323,1310,1,0,2.6593579968903214,1646.0
ZEN,lak505d.map,204,2573,1,0,11.229802010348068,159.0
A*,lak505d.map,204,3188,1,0,6.642712978646159,794.0
Weighted A*,lak505d.map,206,1780,1,0,4.861566005274653,794.0
Chance-Constrained A*,lak505d.map,0,151321,0,0,657.8972509887535,0.0
CVaR A*,lak505d.map,0,151321,0,0,760.8660370169673,0.0
Risk-Penalized A*,lak505d.map,210,5965,1,0,15.397338982438669,90.0
Risk-Penalized Dijkstra,lak505d.map,210,12057,1,0,31.18313700542785,90.0
Risk-Penalized Greedy,lak505d.map,218,460,1,0,1.2561409967020154,179.0
BFS,lak505d.map,204,12294,1,0,14.117229991825296,794.0
DFS,lak505d.map,1464,17360,1,0,18.314897984964773,3259.0
Dijkstra,lak505d.map,204,12255,1,0,24.47514599771239,794.0
Greedy,lak505d.map,260,2984,1,0,5.558422999456525,1121.0
ZEN,lgt602d.map,370,8912,1,0,25.055461010197178,877.0
A*,lgt602d.map,370,8954,1,0,19.96148499893025,1733.0
Weighted A*,lgt602d.map,378,6148,1,0,14.905263989930972,1705.0
Chance-Constrained A*,lgt602d.map,0,294729,0,0,1443.9073690155055,0.0
CVaR A*,lgt602d.map,0,294729,0,0,1520.2253890165591,0.0
Risk-Penalized A*,lgt602d.map,398,9910,1,0,26.1306659958791,86.0
Risk-Penalized Dijkstra,lgt602d.map,398,25312,1,0,68.66706497385167,86.0
Risk-Penalized Greedy,lgt602d.map,426,2046,1,0,4.750033986056224,466.0
BFS,lgt602d.map,370,27311,1,0,33.26498201931827,1790.0
DFS,lgt602d.map,3280,22806,1,0,23.63258099649101,5414.0
Dijkstra,lgt602d.map,370,27208,1,0,58.66978800622746,1292.0
Greedy,lgt602d.map,396,1763,1,0,3.611590014770627,1967.0
ZEN,lak503d.map,242,3675,1,0,10.341041022911668,721.0
A*,lak503d.map,242,3732,1,0,7.309592998353764,1161.0
Weighted A*,lak503d.map,248,1367,1,0,3.347724996274337,1185.0
Chance-Constrained A*,lak503d.map,0,150545,0,0,688.4476720006205,0.0
CVaR A*,lak503d.map,0,150545,0,0,759.7590399964247,0.0
Risk-Penalized A*,lak503d.map,252,7516,1,0,19.19973301119171,87.0
Risk-Penalized Dijkstra,lak503d.map,252,14684,1,0,37.91765999631025,87.0
Risk-Penalized Greedy,lak503d.map,262,540,1,0,1.3399030140135435,370.0
BFS,lak503d.map,242,14617,1,0,16.41671801917255,1078.0
DFS,lak503d.map,1336,10491,1,0,10.48757301759906,2492.0
Dijkstra,lak503d.map,242,14571,1,0,29.43993898225017,1126.0
Greedy,lak503d.map,274,465,1,0,0.9782850102055818,1865.0
ZEN,den005d.map,483,10504,1,0,33.04064099211246,870.0
A*,den005d.map,483,10601,1,0,23.60533899627626,1296.0
Weighted A*,den005d.map,485,4791,1,0,12.979698018170891,1369.0
Chance-Constrained A*,den005d.map,0,316193,0,0,1550.108695984818,0.0
CVaR A*,den005d.map,0,316193,0,0,1622.578808979597,0.0
Risk-Penalized A*,den005d.map,489,15779,1,0,40.08814098779112,288.0
Risk-Penalized Dijkstra,den005d.map,489,16894,1,0,39.9705870077014,288.0
Risk-Penalized Greedy,den005d.map,507,2603,1,0,6.071940995752811,489.0
BFS,den005d.map,483,16821,1,0,18.828444997780025,1062.0
DFS,den005d.map,1941,12087,1,0,11.786844988819212,6684.0
Dijkstra,den005d.map,483,16800,1,0,32.362907979404554,1194.0
Greedy,den005d.map,503,2430,1,0,4.946352011756972,1724.0
ZEN,lak103d.map,83,595,1,0,1.843757025199011,333.0
A*,lak103d.map,83,647,1,0,1.2272959866095334,557.0
Weighted A*,lak103d.map,87,260,1,0,0.624935026280582,516.0
Chance-Constrained A*,lak103d.map,0,9605,0,0,34.843420988181606,0.0
CVaR A*,lak103d.map,0,9605,0,0,40.00056101358496,0.0
Risk-Penalized A*,lak103d.map,87,691,1,0,1.728777016978711,225.0
Risk-Penalized Dijkstra,lak103d.map,87,775,1,0,1.6815819835755974,225.0
Risk-Penalized Greedy,lak103d.map,89,165,1,0,0.395102018956095,245.0
BFS,lak103d.map,83,806,1,0,0.8391090086661279,542.0
DFS,lak103d.map,167,704,1,0,0.6623200024478137,905.0
Dijkstra,lak103d.map,83,800,1,0,1.391263009281829,557.0
Greedy,lak103d.map,87,117,1,0,0.2581919834483415,516.0
ZEN,lak511d.map,39,297,1,0,0.8664420165587217,0.0
A*,lak511d.map,39,347,1,0,0.7527330017182976,77.0
Weighted A*,lak511d.map,39,41,1,0,0.1205310109071433,77.0
Chance-Constrained A*,lak511d.map,39,1248,1,0,5.108659999677911,0.0
CVaR A*,lak511d.map,39,1248,1,0,5.45045398757793,0.0
Risk-Penalized A*,lak511d.map,39,323,1,0,0.8898499945644289,0.0
Risk-Penalized Dijkstra,lak511d.map,39,1201,1,0,2.936523000244051,0.0
Risk-Penalized Greedy,lak511d.map,39,39,1,0,0.1169090101029723,0.0
BFS,lak511d.map,39,1324,1,0,1.4350419805850834,0.0
DFS,lak511d.map,137,1241,1,0,1.1378790077287704,283.0
Dijkstra,lak511d.map,39,1277,1,0,2.3726140207145363,77.0
Greedy,lak511d.map,39,41,1,0,0.1054620079230517,77.0
ZEN,orz703d.map,0,1,0,0,0.0221130030695348,0.0
A*,orz703d.map,0,1,0,0,0.0059259764384478,0.0
Weighted A*,orz703d.map,0,1,0,0,0.00224300310947,0.0
Chance-Constrained A*,orz703d.map,0,1,0,0,0.0064249907154589,0.0
CVaR A*,orz703d.map,0,1,0,0,0.0035490083973854,0.0
Risk-Penalized A*,orz703d.map,0,1,0,0,0.0021429732441902,0.0
Risk-Penalized Dijkstra,orz703d.map,0,1,0,0,0.0013379903975874,0.0
Risk-Penalized Greedy,orz703d.map,0,1,0,0,0.0024210021365433,0.0
BFS,orz703d.map,0,1,0,0,0.0058620062191039,0.0
DFS,orz703d.map,0,1,0,0,0.0016349949873983,0.0
Dijkstra,orz703d.map,0,1,0,0,0.001387990778312,0.0
Greedy,orz703d.map,0,1,0,0,0.0014089746400713,0.0
ZEN,lak100d.map,614,23425,1,0,82.80377800110728,1114.0
A*,lak100d.map,614,25243,1,0,66.93383399397135,3208.0
Weighted A*,lak100d.map,632,16947,1,0,53.46722700051032,3534.0
Chance-Constrained A*,lak100d.map,0,1704385,0,0,11032.13638998568,0.0
CVaR A*,lak100d.map,0,1704385,0,0,11746.410771011142,0.0
Risk-Penalized A*,lak100d.map,640,24192,1,0,74.29552098619752,13.0
Risk-Penalized Dijkstra,lak100d.map,640,33156,1,0,91.21661601238884,13.0
Risk-Penalized Greedy,lak100d.map,680,1965,1,0,5.108890996780247,335.0
BFS,lak100d.map,614,33739,1,0,44.47955099749379,2439.0
DFS,lak100d.map,3424,28347,1,0,32.638092001434416,6427.0
Dijkstra,lak100d.map,614,33719,1,0,74.40130598843098,3194.0
Greedy,lak100d.map,676,1915,1,0,4.198641021503136,4403.0
ZEN,orz701d.map,988,17402,1,0,56.45432599703781,2754.0
A*,orz701d.map,988,18454,1,0,42.606743023497984,5198.0
Weighted A*,orz701d.map,1000,13552,1,0,34.56615499453619,5153.0
Chance-Constrained A*,orz701d.map,0,2423033,0,0,16704.225057008443,0.0
CVaR A*,orz701d.map,0,2423033,0,0,18900.34632399329,0.0
Risk-Penalized A*,orz701d.map,1012,19426,1,0,57.87895398680121,153.0
Risk-Penalized Dijkstra,orz701d.map,1012,38087,1,0,111.1371489823796,153.0
Risk-Penalized Greedy,orz701d.map,1128,5461,1,0,13.7540599971544,1024.0
BFS,orz701d.map,988,38473,1,0,53.60209502396174,4833.0
DFS,orz701d.map,5394,26997,1,0,31.48540001711808,11377.0
Dijkstra,orz701d.map,988,38414,1,0,91.85616101603956,5198.0
Greedy,orz701d.map,1126,5145,1,0,11.609573994064704,6808.0
ZEN,lak100n.map,441,10764,1,0,37.31974799302407,1255.0
A*,lak100n.map,441,11096,1,0,26.75743200234137,1755.0
Weighted A*,lak100n.map,447,3759,1,0,12.205223989440128,1731.0
Chance-Constrained A*,lak100n.map,0,1706537,0,0,10999.105950992089,0.0
CVaR A*,lak100n.map,0,1706537,0,0,11799.002004991053,0.0
Risk-Penalized A*,lak100n.map,495,15867,1,0,45.46470500645228,42.0
Risk-Penalized Dijkstra,lak100n.map,495,31224,1,0,86.85444798902608,42.0
Risk-Penalized Greedy,lak100n.map,469,1044,1,0,2.784753014566377,338.0
BFS,lak100n.map,441,31456,1,0,42.1077529899776,1832.0
DFS,lak100n.map,2093,6298,1,0,5.19071301096119,4880.0
Dijkstra,lak100n.map,441,31390,1,0,73.78405900090002,1667.0
Greedy,lak100n.map,473,922,1,0,2.172098000301048,2210.0
ZEN,lgt101d.map,0,336,0,0,0.7901650096755475,0.0
A*,lgt101d.map,0,336,0,0,0.5986960022710264,0.0
Weighted A*,lgt101d.map,0,336,0,0,0.6674859905615449,0.0
Chance-Constrained A*,lgt101d.map,0,4929,0,0,18.17321198177524,0.0
CVaR A*,lgt101d.map,0,4929,0,0,20.94326601945795,0.0
Risk-Penalized A*,lgt101d.map,0,336,0,0,0.8139930141624063,0.0
Risk-Penalized Dijkstra,lgt101d.map,0,336,0,0,0.6919880106579512,0.0
Risk-Penalized Greedy,lgt101d.map,0,336,0,0,0.6338919920381159,0.0
BFS,lgt101d.map,0,336,0,0,0.4065980028826743,0.0
DFS,lgt101d.map,0,336,0,0,0.3574709990061819,0.0
Dijkstra,lgt101d.map,0,336,0,0,0.5829469882883132,0.0
Greedy,lgt101d.map,0,336,0,0,0.570420001167804,0.0
ZEN,lak203d.map,41,323,1,0,1.1869739973917603,12.0
A*,lak203d.map,41,355,1,0,0.7089739956427366,87.0
Weighted A*,lak203d.map,43,49,1,0,0.1322320022154599,133.0
Chance-Constrained A*,lak203d.map,41,11886,1,0,45.64344501704909,12.0
CVaR A*,lak203d.map,41,11886,1,0,50.30913400696591,12.0
Risk-Penalized A*,lak203d.map,41,434,1,0,1.1681320029310882,12.0
Risk-Penalized Dijkstra,lak203d.map,41,856,1,0,1.937483990332112,12.0
Risk-Penalized Greedy,lak203d.map,41,45,1,0,0.1484080275986343,32.0
BFS,lak203d.map,41,1017,1,0,1.1092000058852136,87.0
DFS,lak203d.map,151,479,1,0,0.3597899922169745,266.0
Dijkstra,lak203d.map,41,1004,1,0,1.7904790001921356,87.0
Greedy,lak203d.map,45,50,1,0,0.1150289899669587,155.0
ZEN,den408d.map,33,200,1,0,0.5438800144474953,28.0
A*,den408d.map,33,207,1,0,0.401012017391622,174.0
Weighted A*,den408d.map,33,38,1,0,0.0956289877649396,174.0
Chance-Constrained A*,den408d.map,0,6801,0,0,24.1898050007876,0.0
CVaR A*,den408d.map,0,6801,0,0,28.37090700631961,0.0
Risk-Penalized A*,den408d.map,33,289,1,0,0.7629669853486121,28.0
Risk-Penalized Dijkstra,den408d.map,33,510,1,0,1.1958999966736883,28.0
Risk-Penalized Greedy,den408d.map,33,38,1,0,0.1096030173357576,28.0
BFS,den408d.map,33,536,1,0,0.593995995586738,198.0
DFS,den408d.map,143,434,1,0,0.330871989717707,387.0
Dijkstra,den408d.map,33,530,1,0,0.9558679885230958,174.0
Greedy,den408d.map,35,37,1,0,0.0867939961608499,204.0
ZEN,lak513d.map,242,1973,1,0,6.607859977521002,550.0
A*,lak513d.map,242,2092,1,0,4.574165999656543,1275.0
Weighted A*,lak513d.map,244,547,1,0,1.538115000585094,1142.0
Chance-Constrained A*,lak513d.map,0,991173,0,0,5509.727483004099,0.0
CVaR A*,lak513d.map,0,991173,0,0,6397.549966990482,0.0
Risk-Penalized A*,lak513d.map,258,9247,1,0,26.82768998784013,93.0
Risk-Penalized Dijkstra,lak513d.map,258,15390,1,0,42.26987497531809,93.0
Risk-Penalized Greedy,lak513d.map,274,342,1,0,1.0390040115453305,308.0
BFS,lak513d.map,242,15209,1,0,20.05462400848046,1167.0
DFS,lak513d.map,1616,12173,1,0,13.426613993942738,3117.0
Dijkstra,lak513d.map,242,15149,1,0,32.83327998360619,1275.0
Greedy,lak513d.map,280,327,1,0,0.8085870067588985,1695.0
ZEN,brc000d.map,166,3529,1,0,11.975487985182554,186.0
A*,brc000d.map,166,3539,1,0,8.751411980483681,815.0
Weighted A*,brc000d.map,188,601,1,0,1.4380689826793969,973.0
Chance-Constrained A*,brc000d.map,0,268309,0,0,1360.4850669798907,0.0
CVaR A*,brc000d.map,0,268309,0,0,1566.9295630068518,0.0
Risk-Penalized A*,brc000d.map,178,4663,1,0,12.746769993100315,18.0
Risk-Penalized Dijkstra,brc000d.map,178,23925,1,0,69.61911401594989,18.0
Risk-Penalized Greedy,brc000d.map,188,262,1,0,0.7238560065161437,256.0
BFS,brc000d.map,166,23096,1,0,28.738518012687564,507.0
DFS,brc000d.map,2622,24604,1,0,27.66729000722989,4467.0
Dijkstra,brc000d.map,166,23005,1,0,51.06844601687044,815.0
Greedy,brc000d.map,196,250,1,0,0.6417549739126116,1094.0
ZEN,orz702d.map,729,16986,1,0,92.04369300277904,75.0
A*,orz702d.map,729,23324,1,0,66.29874798818491,3822.0
Weighted A*,orz702d.map,819,8500,1,0,28.45475802314468,4485.0
Chance-Constrained A*,orz702d.map,0,2696809,0,0,20261.80121599464,0.0
CVaR A*,orz702d.map,0,2696809,0,0,21427.560982992876,0.0
Risk-Penalized A*,orz702d.map,733,27524,1,0,93.04281699587592,31.0
Risk-Penalized Dijkstra,orz702d.map,733,56090,1,0,168.9429200196173,31.0
Risk-Penalized Greedy,orz702d.map,977,6823,1,0,17.86096897558309,673.0
BFS,orz702d.map,729,58222,1,0,82.54199801012874,3822.0
DFS,orz702d.map,3289,60190,1,0,80.61303099384531,7426.0
Dijkstra,orz702d.map,729,58100,1,0,141.96892399922945,3822.0
Greedy,orz702d.map,1087,7108,1,0,16.922134993365034,6220.0
ZEN,ost003d.map,172,1872,1,0,5.833350995089859,195.0
A*,ost003d.map,172,1883,1,0,4.016775987111032,930.0
Weighted A*,ost003d.map,172,186,1,0,0.6479599978774786,930.0
Chance-Constrained A*,ost003d.map,0,150545,0,0,753.0695520108566,0.0
CVaR A*,ost003d.map,0,150545,0,0,800.5776490026619,0.0
Risk-Penalized A*,ost003d.map,180,3006,1,0,7.243594998726621,27.0
Risk-Penalized Dijkstra,ost003d.map,180,8640,1,0,22.40716098458506,27.0
Risk-Penalized Greedy,ost003d.map,178,178,1,0,0.7783820037730038,136.0
BFS,ost003d.map,172,8728,1,0,10.8533620077651,612.0
DFS,ost003d.map,672,7897,1,0,8.625060989288613,1780.0
Dijkstra,ost003d.map,172,8654,1,0,17.832084005931392,930.0
Greedy,ost003d.map,178,178,1,0,0.4592000041157007,1037.0
ZEN,den510d.map,413,15846,1,0,56.23563498375006,62.0
A*,den510d.map,413,17220,1,0,42.68375999527052,1574.0
Weighted A*,den510d.map,427,685,1,0,2.123665006365627,1554.0
Chance-Constrained A*,den510d.map,0,719181,0,0,3868.7838390178513,0.0
CVaR A*,den510d.map,0,719181,0,0,4235.631973017007,0.0
Risk-Penalized A*,den510d.map,415,24251,1,0,71.06596400262788,47.0
Risk-Penalized Dijkstra,den510d.map,0,0,0,0,0.0,0.0
Risk-Penalized Greedy,den510d.map,461,564,1,0,1.6758879937697202,138.0
BFS,den510d.map,0,0,0,0,0.0,0.0
DFS,den510d.map,0,0,0,0,0.0,0.0
Dijkstra,den510d.map,0,0,0,0,0.0,0.0
Greedy,den510d.map,473,1405,1,0,2.974960982101038,2147.0
ZEN,orz301d.map,150,473,1,0,1.7608389898668977,20.0
A*,orz301d.map,150,988,1,0,2.2791970113758,193.0
Weighted A*,orz301d.map,152,153,1,0,0.4481690120883286,222.0
Chance-Constrained A*,orz301d.map,0,86401,0,0,317.38477700855583,0.0
CVaR A*,orz301d.map,0,86401,0,0,392.56321801804006,0.0
Risk-Penalized A*,orz301d.map,150,783,1,0,1.936481014126912,20.0
Risk-Penalized Dijkstra,orz301d.map,0,0,0,0,0.0,0.0
Risk-Penalized Greedy,orz301d.map,156,178,1,0,0.4210470069665462,175.0
BFS,orz301d.map,0,0,0,0,0.0,0.0
DFS,orz301d.map,430,1079,1,0,0.499617017339915,875.0
Dijkstra,orz301d.map,0,0,0,0,0.0,0.0
Greedy,orz301d.map,152,153,1,0,0.3298220108263194,222.0
ZEN,lak507d.map,78,1156,1,0,3.036581998458132,13.0
A*,lak507d.map,78,1174,1,0,2.4137269938364625,196.0
Weighted A*,lak507d.map,82,106,1,0,0.2930430055130273,236.0
Chance-Constrained A*,lak507d.map,78,7269,1,0,26.72755400999449,13.0
CVaR A*,lak507d.map,78,7269,1,0,30.912385002011437,13.0
Risk-Penalized A*,lak507d.map,78,1632,1,0,4.473189008422196,13.0
Risk-Penalized Dijkstra,lak507d.map,78,4112,1,0,10.348551004426554,13.0
Risk-Penalized Greedy,lak507d.map,84,93,1,0,0.2884790010284632,35.0
BFS,lak507d.map,78,3991,1,0,4.3612119916360825,13.0
DFS,lak507d.map,654,1481,1,0,0.8388080168515444,470.0
Dijkstra,lak507d.map,78,3930,1,0,7.645758974831551,196.0
Greedy,lak507d.map,88,88,1,0,0.2151840017177164,372.0
ZEN,hrt201n.map,306,3043,1,0,11.016677977750078,188.0
A*,hrt201n.map,306,3053,1,0,6.814925000071526,1114.0
Weighted A*,hrt201n.map,330,3205,1,0,8.426582004176453,2246.0
Chance-Constrained A*,hrt201n.map,0,358681,0,0,1820.89897300466,0.0
CVaR A*,hrt201n.map,0,358681,0,0,1923.622180998791,0.0
Risk-Penalized A*,hrt201n.map,314,5940,1,0,14.292179985204712,65.0
Risk-Penalized Dijkstra,hrt201n.map,314,19788,1,0,47.584896004991606,65.0
Risk-Penalized Greedy,hrt201n.map,418,5519,1,0,11.500188993522896,225.0
BFS,hrt201n.map,306,19877,1,0,21.251865022350103,834.0
DFS,hrt201n.map,2000,10533,1,0,9.278223995352164,5668.0
Dijkstra,hrt201n.map,306,19796,1,0,37.26448200177401,1114.0
Greedy,hrt201n.map,488,5934,1,0,10.773555026389658,3442.0
ZEN,lak514d.map,131,1432,1,0,4.439371987245977,178.0
A*,lak514d.map,131,1626,1,0,3.264607978053391,257.0
Weighted A*,lak514d.map,131,735,1,0,1.6664410068187865,257.0
Chance-Constrained A*,lak514d.map,131,277276,1,0,1294.449965993408,113.0
CVaR A*,lak514d.map,131,277276,1,0,1438.4423259762116,113.0
Risk-Penalized A*,lak514d.map,135,2032,1,0,5.022494005970657,39.0
Risk-Penalized Dijkstra,lak514d.map,135,2848,1,0,6.499932002043352,39.0
Risk-Penalized Greedy,lak514d.map,135,418,1,0,0.9316070063505322,93.0
BFS,lak514d.map,131,2980,1,0,3.2041070226114243,257.0
DFS,lak514d.map,1017,2327,1,0,1.5037500124890355,2250.0
Dijkstra,lak514d.map,131,2972,1,0,5.478595005115494,257.0
Greedy,lak514d.map,135,280,1,0,0.6218930066097528,326.0
ZEN,lak400d.map,559,16967,1,0,69.99609398189932,65.0
A*,lak400d.map,559,19117,1,0,53.079524979693815,2569.0
Weighted A*,lak400d.map,579,1659,1,0,5.541865015402436,2794.0
Chance-Constrained A*,lak400d.map,0,4468997,0,0,35147.726077004336,0.0
CVaR A*,lak400d.map,0,4468997,0,0,37427.654117986094,0.0
Risk-Penalized A*,lak400d.map,563,16106,1,0,51.48365398054011,7.0
Risk-Penalized Dijkstra,lak400d.map,563,40293,1,0,114.41776299034244,7.0
Risk-Penalized Greedy,lak400d.map,639,1427,1,0,3.815420001046732,343.0
BFS,lak400d.map,559,40300,1,0,54.51378101133741,1633.0
DFS,lak400d.map,5065,37973,1,0,43.3430330012925,7162.0
Dijkstra,lak400d.map,559,40264,1,0,93.0897499783896,2541.0
Greedy,lak400d.map,699,1431,1,0,3.3301289950031787,4032.0
ZEN,orz901d.map,689,10845,1,0,37.74668899131939,553.0
A*,orz901d.map,689,13558,1,0,32.991382002364844,2263.0
Weighted A*,orz901d.map,707,8830,1,0,22.973825020017102,2903.0
Chance-Constrained A*,orz901d.map,0,1629913,0,0,10502.403253980448,0.0
CVaR A*,orz901d.map,0,1629913,0,0,11414.007157000016,0.0
Risk-Penalized A*,orz901d.map,693,16365,1,0,46.99874500511214,236.0
Risk-Penalized Dijkstra,orz901d.map,693,33546,1,0,92.92311800527386,236.0
Risk-Penalized Greedy,orz901d.map,735,6924,1,0,16.603411990217865,489.0
BFS,orz901d.map,689,32366,1,0,44.82504501356743,1877.0
DFS,orz901d.map,4101,14861,1,0,14.13117500487715,7645.0
Dijkstra,orz901d.map,689,32324,1,0,74.95748600922525,2263.0
Greedy,orz901d.map,735,6891,1,0,14.985082001658157,3541.0
ZEN,den308d.map,89,781,1,0,2.6944359997287397,328.0
A*,den308d.map,89,841,1,0,1.787291985237971,537.0
Weighted A*,den308d.map,89,294,1,0,0.7530830043833703,537.0
Chance-Constrained A*,den308d.map,0,35201,0,0,142.00401000562124,0.0
CVaR A*,den308d.map,0,35201,0,0,195.64278298639687,0.0
Risk-Penalized A*,den308d.map,91,1891,1,0,4.660386999603361,167.0
Risk-Penalized Dijkstra,den308d.map,91,2807,1,0,6.49459901615046,167.0
Risk-Penalized Greedy,den308d.map,99,516,1,0,1.1129759950563312,257.0
BFS,den308d.map,89,2776,1,0,3.1095890153665096,537.0
DFS,den308d.map,631,2524,1,0,2.13264802005142,1256.0
Dijkstra,den308d.map,89,2750,1,0,5.298042000504211,537.0
Greedy,den308d.map,89,310,1,0,0.6359490216709673,537.0
ZEN,brc999d.map,100,100,1,0,0.4921610234305262,0.0
A*,brc999d.map,100,570,1,0,1.2934120022691786,0.0
Weighted A*,brc999d.map,100,100,1,0,0.3106360090896487,0.0
Chance-Constrained A*,brc999d.map,100,570,1,0,1.7524110153317451,0.0
CVaR A*,brc999d.map,100,570,1,0,1.904216012917459,0.0
Risk-Penalized A*,brc999d.map,100,570,1,0,1.5650730056222528,0.0
Risk-Penalized Dijkstra,brc999d.map,100,10517,1,0,28.91258997260593,0.0
Risk-Penalized Greedy,brc999d.map,100,100,1,0,0.3329349856358021,0.0
BFS,brc999d.map,100,10851,1,0,12.988236005185172,0.0
DFS,brc999d.map,2436,8165,1,0,7.6545909978449345,2341.0
Dijkstra,brc999d.map,100,10733,1,0,22.513414005516097,0.0
Greedy,brc999d.map,100,100,1,0,0.2974329981952905,0.0
ZEN,lgt300d.map,720,21031,1,0,76.4743720064871,1171.0
A*,lgt300d.map,720,21231,1,0,56.4713099738583,3588.0
Weighted A*,lgt300d.map,754,2108,1,0,6.818388006649911,4404.0
Chance-Constrained A*,lgt300d.map,0,1586629,0,0,9861.537799006328,0.0
CVaR A*,lgt300d.map,0,1586629,0,0,10596.449534001296,0.0
Risk-Penalized A*,lgt300d.map,724,28295,1,0,81.83069000369869,66.0
Risk-Penalized Dijkstra,lgt300d.map,724,36986,1,0,95.4772949917242,66.0
Risk-Penalized Greedy,lgt300d.map,806,1063,1,0,3.0185829964466397,581.0
BFS,lgt300d.map,720,36916,1,0,45.08239499409683,2718.0
DFS,lgt300d.map,5132,23591,1,0,23.89798400690779,8792.0
Dijkstra,lgt300d.map,720,36888,1,0,78.97756298189051,3588.0
Greedy,lgt300d.map,836,1007,1,0,2.5806720077525824,6119.0
ZEN,lak303d.map,474,9972,1,0,27.322567999362946,1179.0
A*,lak303d.map,474,9972,1,0,21.22385799884796,2332.0
Weighted A*,lak303d.map,482,8404,1,0,19.36465600738302,2358.0
Chance-Constrained A*,lak303d.map,0,150545,0,0,674.6626569947693,0.0
CVaR A*,lak303d.map,0,150545,0,0,738.832889997866,0.0
Risk-Penalized A*,lak303d.map,502,12375,1,0,30.645013001048937,194.0
Risk-Penalized Dijkstra,lak303d.map,502,14734,1,0,35.44406400760636,194.0
Risk-Penalized Greedy,lak303d.map,564,6453,1,0,13.325719977729024,662.0
BFS,lak303d.map,474,14754,1,0,16.281082993373275,2076.0
DFS,lak303d.map,2734,12862,1,0,11.293449002550917,7403.0
Dijkstra,lak303d.map,474,14745,1,0,28.75828300602734,2477.0
Greedy,lak303d.map,604,6232,1,0,11.488273012218997,3931.0
ZEN,lak515d.map,50,167,1,0,0.5268289824016392,40.0
A*,lak515d.map,50,202,1,0,0.4251509963069111,135.0
Weighted A*,lak515d.map,50,71,1,0,0.1912209845613688,132.0
Chance-Constrained A*,lak515d.map,50,9617,1,0,36.3196539983619,32.0
CVaR A*,lak515d.map,50,9617,1,0,42.59539401391521,32.0
Risk-Penalized A*,lak515d.map,54,236,1,0,0.6571250269189477,22.0
Risk-Penalized Dijkstra,lak515d.map,54,1488,1,0,3.567598992958665,22.0
Risk-Penalized Greedy,lak515d.map,50,54,1,0,0.1683640002738684,33.0
BFS,lak515d.map,50,1485,1,0,1.5483690076507628,74.0
DFS,lak515d.map,632,1539,1,0,0.9250410075765104,1296.0
Dijkstra,lak515d.map,50,1482,1,0,2.7530920051503927,129.0
Greedy,lak515d.map,56,62,1,0,0.1435339800082147,224.0
ZEN,lak308d.map,335,1795,1,0,11.82403598795645,31.0
A*,lak308d.map,335,3047,1,0,10.07137101260014,1481.0
Weighted A*,lak308d.map,351,409,1,0,2.22260199370794,2305.0
Chance-Constrained A*,lak308d.map,0,386209,0,0,1946.6956540127285,0.0
CVaR A*,lak308d.map,0,386209,0,0,2060.5088050069758,0.0
Risk-Penalized A*,lak308d.map,337,1908,1,0,4.816470987861976,16.0
Risk-Penalized Dijkstra,lak308d.map,337,10282,1,0,24.77694398839958,16.0
Risk-Penalized Greedy,lak308d.map,355,362,1,0,1.1707360099535435,215.0
BFS,lak308d.map,335,10800,1,0,12.769649998517709,1462.0
DFS,lak308d.map,1199,10538,1,0,10.789379011839628,4415.0
Dijkstra,lak308d.map,335,10791,1,0,21.119323006132618,1481.0
Greedy,lak308d.map,357,363,1,0,0.9358279930893332,2412.0
ZEN,orz200d.map,179,2696,1,0,10.039785003755242,137.0
A*,orz200d.map,179,2837,1,0,5.491893010912463,766.0
Weighted A*,orz200d.map,183,517,1,0,1.308904989855364,811.0
Chance-Constrained A*,orz200d.map,0,282881,0,0,1342.114415980177,0.0
CVaR A*,orz200d.map,0,282881,0,0,1420.1597339997534,0.0
Risk-Penalized A*,orz200d.map,183,2531,1,0,6.562988011864945,0.0
Risk-Penalized Dijkstra,orz200d.map,183,4325,1,0,9.90914399153553,0.0
Risk-Penalized Greedy,orz200d.map,197,293,1,0,0.7710819772910327,183.0
BFS,orz200d.map,179,4734,1,0,5.235707998508588,766.0
DFS,orz200d.map,897,3813,1,0,3.181893000146374,2261.0
Dijkstra,orz200d.map,179,4702,1,0,9.099397022509947,766.0
Greedy,orz200d.map,221,310,1,0,0.6610600103158504,1197.0
ZEN,den601d.map,0,1,0,0,0.0225530238822102,0.0
A*,den601d.map,0,1,0,0,0.0060660240706056,0.0
Weighted A*,den601d.map,0,1,0,0,0.0023969914764165,0.0
Chance-Constrained A*,den601d.map,0,1,0,0,0.005793001037091,0.0
CVaR A*,den601d.map,0,1,0,0,0.0033449905458837,0.0
Risk-Penalized A*,den601d.map,0,1,0,0,0.0023400061763823,0.0
Risk-Penalized Dijkstra,den601d.map,0,1,0,0,0.0015999830793589,0.0
Risk-Penalized Greedy,den601d.map,0,1,0,0,0.0022220192477107,0.0
BFS,den601d.map,0,1,0,0,0.0061139871831983,0.0
DFS,den601d.map,0,1,0,0,0.0019829894881695,0.0
Dijkstra,den601d.map,0,1,0,0,0.0013190147001296,0.0
Greedy,den601d.map,0,1,0,0,0.0013760000001639,0.0
ZEN,orz300d.map,364,10725,1,0,40.80807100399397,313.0
A*,orz300d.map,364,18710,1,0,44.12579498603009,1274.0
Weighted A*,orz300d.map,364,10562,1,0,28.33895900403149,1274.0
Chance-Constrained A*,orz300d.map,0,1002057,0,0,5464.098077005474,0.0
CVaR A*,orz300d.map,0,1002057,0,0,6103.069239994511,0.0
Risk-Penalized A*,orz300d.map,372,18160,1,0,46.931734977988526,20.0
Risk-Penalized Dijkstra,orz300d.map,372,60128,1,0,157.86638599820435,20.0
Risk-Penalized Greedy,orz300d.map,772,8178,1,0,16.1812009755522,740.0
BFS,orz300d.map,364,67610,1,0,77.847175009083,1274.0
DFS,orz300d.map,4248,20346,1,0,17.572083976119757,8089.0
Dijkstra,orz300d.map,364,67381,1,0,145.83239899366163,1274.0
Greedy,orz300d.map,828,8186,1,0,14.919149019988254,4666.0
ZEN,ost100d.map,1017,82182,1,0,286.5963349759113,3068.0
A*,ost100d.map,1017,89113,1,0,255.47312400885855,4817.0
Weighted A*,ost100d.map,1047,63043,1,0,201.10844299779276,5014.0
Chance-Constrained A*,ost100d.map,0,4198401,0,0,32198.772998002823,0.0
CVaR A*,ost100d.map,0,4198401,0,0,34631.7920210131,0.0
Risk-Penalized A*,ost100d.map,1021,82183,1,0,280.67637301865034,0.0
Risk-Penalized Dijkstra,ost100d.map,1021,132883,1,0,423.4137290040962,0.0
Risk-Penalized Greedy,ost100d.map,1339,20853,1,0,56.0014370130375,1122.0
BFS,ost100d.map,1017,133278,1,0,191.98924201191403,3486.0
DFS,ost100d.map,15731,101977,1,0,124.76728198817,25330.0
Dijkstra,ost100d.map,1017,133258,1,0,355.67844699835405,4773.0
Greedy,ost100d.map,1331,20450,1,0,49.296426004730165,8988.0
ZEN,orz106d.map,27,119,1,0,0.3511620161589235,44.0
A*,orz106d.map,27,145,1,0,0.3843150043394416,129.0
Weighted A*,orz106d.map,27,27,1,0,0.1141130051109939,129.0
Chance-Constrained A*,orz106d.map,27,2430,1,0,8.835798013024032,35.0
CVaR A*,orz106d.map,27,2430,1,0,10.098485014168546,35.0
Risk-Penalized A*,orz106d.map,31,150,1,0,0.3974020073655993,6.0
Risk-Penalized Dijkstra,orz106d.map,31,263,1,0,0.55024100583978,6.0
Risk-Penalized Greedy,orz106d.map,29,31,1,0,0.0846150214783847,35.0
BFS,orz106d.map,0,0,0,0,0.0,0.0
DFS,orz106d.map,0,0,0,0,0.0,0.0
Dijkstra,orz106d.map,0,0,0,0,0.0,0.0
Greedy,orz106d.map,27,27,1,0,0.0683370162732899,129.0
ZEN,den200d.map,380,7347,1,0,26.354234985774383,986.0
A*,den200d.map,380,7399,1,0,18.16248899558559,2005.0
Weighted A*,den200d.map,392,4464,1,0,12.878307985374704,2154.0
Chance-Constrained A*,den200d.map,0,582401,0,0,3174.502248992212,0.0
CVaR A*,den200d.map,0,582401,0,0,3435.6038279947825,0.0
Risk-Penalized A*,den200d.map,388,8119,1,0,23.27253800467588,15.0
Risk-Penalized Dijkstra,den200d.map,388,13496,1,0,37.315188004868105,15.0
Risk-Penalized Greedy,den200d.map,452,1721,1,0,4.153624991886318,657.0
BFS,den200d.map,380,13417,1,0,17.079713026760146,1494.0
DFS,den200d.map,2150,7209,1,0,6.375897006364539,4168.0
Dijkstra,den200d.map,380,13417,1,0,29.70842199283652,1776.0
Greedy,den200d.map,506,1700,1,0,3.587795014027506,3163.0
ZEN,lgt603d.map,0,0,0,0,0.0,0.0
A*,lgt603d.map,0,0,0,0,0.0,0.0
Weighted A*,lgt603d.map,0,0,0,0,0.0,0.0
Chance-Constrained A*,lgt603d.map,0,273529,0,0,1320.685366023099,0.0
CVaR A*,lgt603d.map,0,273529,0,0,1458.1082339864224,0.0
Risk-Penalized A*,lgt603d.map,0,0,0,0,0.0,0.0
Risk-Penalized Dijkstra,lgt603d.map,0,0,0,0,0.0,0.0
Risk-Penalized Greedy,lgt603d.map,0,0,0,0,0.0,0.0
BFS,lgt603d.map,0,0,0,0,0.0,0.0
DFS,lgt603d.map,0,0,0,0,0.0,0.0
Dijkstra,lgt603d.map,0,0,0,0,0.0,0.0
Greedy,lgt603d.map,619,5554,1,0,11.171713005751371,3297.0
ZEN,orz203d.map,22,94,1,0,0.263805006397888,42.0
A*,orz203d.map,22,94,1,0,0.1857900060713291,199.0
Weighted A*,orz203d.map,22,22,1,0,0.0528860255144536,199.0
Chance-Constrained A*,orz203d.map,0,2661,0,0,9.73387699923478,0.0
CVaR A*,orz203d.map,0,2661,0,0,10.923591995378956,0.0
Risk-Penalized A*,orz203d.map,22,197,1,0,0.4851739795412868,42.0
Risk-Penalized Dijkstra,orz203d.map,22,234,1,0,0.5100470152683556,42.0
Risk-Penalized Greedy,orz203d.map,22,35,1,0,0.0849810021463781,42.0
BFS,orz203d.map,22,239,1,0,0.2681610058061778,42.0
DFS,orz203d.map,38,88,1,0,0.0520779867656528,201.0
Dijkstra,orz203d.map,22,230,1,0,0.4119719960726797,199.0
Greedy,orz203d.map,22,22,1,0,0.0717279908712953,199.0
ZEN,arena2.map,221,3968,1,0,17.30253399000503,219.0
A*,arena2.map,221,3978,1,0,7.884705002652481,818.0
Weighted A*,arena2.map,223,411,1,0,1.2329949822742492,823.0
Chance-Constrained A*,arena2.map,0,234917,0,0,1223.2747390225995,0.0
CVaR A*,arena2.map,0,234917,0,0,1334.285198012367,0.0
Risk-Penalized A*,arena2.map,223,15642,1,0,45.25412898510695,151.0
Risk-Penalized Dijkstra,arena2.map,223,17160,1,0,48.74181697960012,151.0
Risk-Penalized Greedy,arena2.map,225,280,1,0,0.8072160126175731,187.0
BFS,arena2.map,221,17124,1,0,20.27971702045761,818.0
DFS,arena2.map,3041,7402,1,0,6.776511989301071,3997.0
Dijkstra,arena2.map,221,17106,1,0,36.533623991999775,818.0
Greedy,arena2.map,227,234,1,0,0.5925300065428019,952.0
ZEN,orz201d.map,59,296,1,0,0.998651987174526,173.0
A*,orz201d.map,59,334,1,0,0.7174810161814094,303.0
Weighted A*,orz201d.map,59,75,1,0,0.1781540049705654,303.0
Chance-Constrained A*,orz201d.map,0,8461,0,0,29.14979599881917,0.0
CVaR A*,orz201d.map,0,8461,0,0,34.91848899284378,0.0
Risk-Penalized A*,orz201d.map,65,579,1,0,1.900782983284444,120.0
Risk-Penalized Dijkstra,orz201d.map,65,674,1,0,1.6276859969366342,120.0
Risk-Penalized Greedy,orz201d.map,61,137,1,0,0.3706179850269109,153.0
BFS,orz201d.map,59,671,1,0,0.7194970094133168,309.0
DFS,orz201d.map,195,595,1,0,0.4640190163627267,609.0
Dijkstra,orz201d.map,59,671,1,0,1.1264010099694133,271.0
Greedy,orz201d.map,59,72,1,0,0.1560189994052052,303.0
ZEN,lak105d.map,28,147,1,0,0.4148560110479593,126.0
A*,lak105d.map,28,148,1,0,0.2837430220097303,200.0
Weighted A*,lak105d.map,28,100,1,0,0.2401949896011501,200.0
Chance-Constrained A*,lak105d.map,0,3101,0,0,10.356946993852034,0.0
CVaR A*,lak105d.map,0,3101,0,0,12.36536100623198,0.0
Risk-Penalized A*,lak105d.map,32,334,1,0,0.8072400232777,89.0
Risk-Penalized Dijkstra,lak105d.map,32,409,1,0,0.8753360016271472,89.0
Risk-Penalized Greedy,lak105d.map,32,83,1,0,0.1902020012494176,110.0
BFS,lak105d.map,28,418,1,0,0.4411340050864965,200.0
DFS,lak105d.map,108,287,1,0,0.1941900118254125,494.0
Dijkstra,lak105d.map,28,412,1,0,0.7412290142383426,200.0
Greedy,lak105d.map,28,65,1,0,0.1253869850188493,200.0
ZEN,den012d.map,374,10407,1,0,29.224626981886104,683.0
A*,den012d.map,374,10889,1,0,23.46649600076489,683.0
Weighted A*,den012d.map,390,6625,1,0,15.238980995491149,1496.0
Chance-Constrained A*,den012d.map,0,434001,0,0,2284.446031990228,0.0
CVaR A*,den012d.map,0,434001,0,0,2361.6622910194565,0.0
Risk-Penalized A*,den012d.map,378,10538,1,0,26.49052400374785,0.0
Risk-Penalized Dijkstra,den012d.map,378,22047,1,0,55.80477899638936,0.0
Risk-Penalized Greedy,den012d.map,520,3095,1,0,6.601247005164623,239.0
BFS,den012d.map,374,22382,1,0,26.09244899940677,683.0
DFS,den012d.map,2894,7599,1,0,5.448388023069128,5854.0
Dijkstra,den012d.map,374,22347,1,0,44.52291000052355,683.0
Greedy,den012d.map,514,2965,1,0,5.847929016454145,2514.0
ZEN,hrt000d.map,703,61258,1,0,363.1004269991536,597.0
A*,hrt000d.map,703,64621,1,0,164.10178100341,1810.0
Weighted A*,hrt000d.map,757,26360,1,0,82.47903801384382,1823.0
Chance-Constrained A*,hrt000d.map,0,1429633,0,0,8844.291642017197,0.0
CVaR A*,hrt000d.map,0,1429633,0,0,9479.585644003237,0.0
Risk-Penalized A*,hrt000d.map,713,64065,1,0,201.1391700070817,0.0
Risk-Penalized Dijkstra,hrt000d.map,713,90722,1,0,255.1402900135145,0.0
Risk-Penalized Greedy,hrt000d.map,1115,9349,1,0,20.46356300706975,872.0
BFS,hrt000d.map,703,91355,1,0,114.86243299441412,2083.0
DFS,hrt000d.map,12063,69729,1,0,68.93237298936583,12550.0
Dijkstra,hrt000d.map,703,91224,1,0,207.6000240049325,1810.0
Greedy,hrt000d.map,1157,9191,1,0,18.28681700862944,4949.0
ZEN,den204d.map,49,106,1,0,0.4443579819053411,37.0
A*,den204d.map,49,106,1,0,0.2656370052136481,38.0
Weighted A*,den204d.map,49,49,1,0,0.1626310113351792,38.0
Chance-Constrained A*,den204d.map,49,517,1,0,2.395758987404406,37.0
CVaR A*,den204d.map,49,517,1,0,2.221853006631136,37.0
Risk-Penalized A*,den204d.map,53,589,1,0,1.6387719952035695,17.0
Risk-Penalized Dijkstra,den204d.map,53,2408,1,0,5.923310003709048,17.0
Risk-Penalized Greedy,den204d.map,49,59,1,0,0.1757009886205196,37.0
BFS,den204d.map,49,2360,1,0,2.564503985922784,56.0
DFS,den204d.map,865,2766,1,0,2.1836759988218546,1841.0
Dijkstra,den204d.map,49,2360,1,0,4.8392640019301325,38.0
Greedy,den204d.map,49,49,1,0,0.1400889887008816,38.0
ZEN,brc100d.map,597,15168,1,0,48.40319699724205,1889.0
A*,brc100d.map,597,15184,1,0,35.95156699884683,3466.0
Weighted A*,brc100d.map,621,10904,1,0,31.168236979283392,3383.0
Chance-Constrained A*,brc100d.map,0,1007617,0,0,6424.495257990202,0.0
CVaR A*,brc100d.map,0,1007617,0,0,7040.748248982709,0.0
Risk-Penalized A*,brc100d.map,611,18291,1,0,55.72321198997088,203.0
Risk-Penalized Dijkstra,brc100d.map,611,27481,1,0,82.29949901578948,203.0
Risk-Penalized Greedy,brc100d.map,799,5081,1,0,13.58473498839885,741.0
BFS,brc100d.map,597,27114,1,0,37.92129599605687,3400.0
DFS,brc100d.map,5725,24493,1,0,24.85624299151823,11232.0
Dijkstra,brc100d.map,597,27095,1,0,64.57926900475286,2924.0
Greedy,brc100d.map,791,4701,1,0,11.808354989625514,4883.0
ZEN,den011d.map,0,671,0,0,1.9341139995958656,0.0
A*,den011d.map,0,671,0,0,1.2275810004211962,0.0
Weighted A*,den011d.map,0,671,0,0,1.4919560053385794,0.0
Chance-Constrained A*,den011d.map,0,164997,0,0,701.71212501009,0.0
CVaR A*,den011d.map,0,164997,0,0,757.5403400114737,0.0
Risk-Penalized A*,den011d.map,0,671,0,0,1.643255993258208,0.0
Risk-Penalized Dijkstra,den011d.map,0,671,0,0,1.2536540161818266,0.0
Risk-Penalized Greedy,den011d.map,0,671,0,0,1.047114987159148,0.0
BFS,den011d.map,0,671,0,0,0.6078180158510804,0.0
DFS,den011d.map,0,671,0,0,0.5778449994977564,0.0
Dijkstra,den011d.map,0,671,0,0,1.020649011479691,0.0
Greedy,den011d.map,0,671,0,0,1.0042490030173212,0.0
ZEN,hrt201d.map,369,2453,1,0,10.366381000494584,153.0
A*,hrt201d.map,369,7058,1,0,16.76170199061744,1311.0
Weighted A*,hrt201d.map,395,1410,1,0,3.854610986309126,2184.0
Chance-Constrained A*,hrt201d.map,0,323137,0,0,1593.0699759919662,0.0
CVaR A*,hrt201d.map,0,323137,0,0,1719.785322988173,0.0
Risk-Penalized A*,hrt201d.map,373,8790,1,0,21.08065300853923,131.0
Risk-Penalized Dijkstra,hrt201d.map,373,20883,1,0,49.937189993215725,131.0
Risk-Penalized Greedy,hrt201d.map,409,482,1,0,1.3781849993392823,321.0
BFS,hrt201d.map,369,21224,1,0,23.50717200897634,1301.0
DFS,hrt201d.map,1521,14050,1,0,13.483426999300718,4592.0
Dijkstra,hrt201d.map,369,21167,1,0,40.1812530180905,1311.0
Greedy,hrt201d.map,511,1764,1,0,3.453726996667683,2725.0
ZEN,den001d.map,0,1,0,0,0.0205060059670358,0.0
A*,den001d.map,0,1,0,0,0.0061860191635787,0.0
Weighted A*,den001d.map,0,1,0,0,0.0024820037651807,0.0
Chance-Constrained A*,den001d.map,0,1,0,0,0.0061340106185525,0.0
CVaR A*,den001d.map,0,1,0,0,0.0036449928302317,0.0
Risk-Penalized A*,den001d.map,0,1,0,0,0.002016982762143,0.0
Risk-Penalized Dijkstra,den001d.map,0,1,0,0,0.0012950040400028,0.0
Risk-Penalized Greedy,den001d.map,0,1,0,0,0.0021730083972215,0.0
BFS,den001d.map,0,1,0,0,0.0061500177253037,0.0
DFS,den001d.map,0,1,0,0,0.0016460253391414,0.0
Dijkstra,den001d.map,0,1,0,0,0.0012050149962306,0.0
Greedy,den001d.map,0,1,0,0,0.001197011442855,0.0
ZEN,lak202d.map,229,1668,1,0,6.560816982528195,163.0
A*,lak202d.map,229,2213,1,0,4.611538985045627,883.0
Weighted A*,lak202d.map,249,841,1,0,2.1894739766139537,1049.0
Chance-Constrained A*,lak202d.map,0,115753,0,0,504.3871399830096,0.0
CVaR A*,lak202d.map,0,115753,0,0,561.6787869948894,0.0
Risk-Penalized A*,lak202d.map,231,4107,1,0,9.60375799331814,153.0
Risk-Penalized Dijkstra,lak202d.map,231,5309,1,0,11.556912009837106,153.0
Risk-Penalized Greedy,lak202d.map,267,727,1,0,1.6469880065415057,291.0
BFS,lak202d.map,229,5432,1,0,5.842162005137652,883.0
DFS,lak202d.map,943,5652,1,0,5.201029998715967,2380.0
Dijkstra,lak202d.map,229,5403,1,0,9.93383300374262,883.0
Greedy,lak202d.map,313,676,1,0,1.3286259782034904,1757.0
ZEN,den501d.map,342,6891,1,0,20.44574500177987,455.0
A*,den501d.map,342,7396,1,0,15.431531996000558,759.0
Weighted A*,den501d.map,342,3799,1,0,9.266674984246492,605.0
Chance-Constrained A*,den501d.map,0,432641,0,0,2156.368637981359,0.0
CVaR A*,den501d.map,0,432641,0,0,2280.8499860111624,0.0
Risk-Penalized A*,den501d.map,350,8810,1,0,21.76737002446316,65.0
Risk-Penalized Dijkstra,den501d.map,350,26228,1,0,65.71267498657107,65.0
Risk-Penalized Greedy,den501d.map,566,3971,1,0,8.18659202195704,235.0
BFS,den501d.map,342,26330,1,0,29.750185989541933,800.0
DFS,den501d.map,1308,15765,1,0,16.308393009239808,2296.0
Dijkstra,den501d.map,342,26326,1,0,53.948617016430944,963.0
Greedy,den501d.map,570,3897,1,0,7.539665006333962,1501.0
ZEN,orz303d.map,0,1,0,0,0.030714989406988,0.0
A*,orz303d.map,0,1,0,0,0.0065480126067996,0.0
Weighted A*,orz303d.map,0,1,0,0,0.0028299982659518,0.0
Chance-Constrained A*,orz303d.map,0,1,0,0,0.0065249914769083,0.0
CVaR A*,orz303d.map,0,1,0,0,0.0040970044210553,0.0
Risk-Penalized A*,orz303d.map,0,1,0,0,0.0021829910110682,0.0
Risk-Penalized Dijkstra,orz303d.map,0,1,0,0,0.0012500095181167,0.0
Risk-Penalized Greedy,orz303d.map,0,1,0,0,0.0023540051188319,0.0
BFS,orz303d.map,0,1,0,0,0.0063269981183111,0.0
DFS,orz303d.map,0,1,0,0,0.002059998223558,0.0
Dijkstra,orz303d.map,0,1,0,0,0.0013000098988413,0.0
Greedy,orz303d.map,0,1,0,0,0.001422013156116,0.0
ZEN,lgt605d.map,91,1466,1,0,3.998574014985934,11.0
A*,lgt605d.map,91,1518,1,0,3.097801003605128,86.0
Weighted A*,lgt605d.map,91,91,1,0,0.310622010147199,86.0
Chance-Constrained A*,lgt605d.map,0,53501,0,0,261.8802119977772,0.0
CVaR A*,lgt605d.map,0,53501,0,0,238.48574998555705,0.0
Risk-Penalized A*,lgt605d.map,91,1714,1,0,4.47133497800678,11.0
Risk-Penalized Dijkstra,lgt605d.map,91,2885,1,0,9.54042500234209,11.0
Risk-Penalized Greedy,lgt605d.map,91,94,1,0,0.5856429925188422,11.0
BFS,lgt605d.map,91,2867,1,0,4.350862000137568,437.0
DFS,lgt605d.map,0,0,0,0,0.0,0.0
Dijkstra,lgt605d.map,91,2867,1,0,8.85079600266181,86.0
Greedy,lgt605d.map,91,91,1,0,0.2794339961837977,86.0
ZEN,den505d.map,301,3401,1,0,10.401078005088491,195.0
A*,den505d.map,301,3479,1,0,6.988595996517688,1115.0
Weighted A*,den505d.map,307,339,1,0,0.9534799901302904,1313.0
Chance-Constrained A*,den505d.map,0,497665,0,0,2583.8094810023904,0.0
CVaR A*,den505d.map,0,497665,0,0,2670.7152250164654,0.0
Risk-Penalized A*,den505d.map,319,7018,1,0,17.460572998970747,80.0
Risk-Penalized Dijkstra,den505d.map,319,21523,1,0,54.41372000495903,80.0
Risk-Penalized Greedy,den505d.map,329,519,1,0,1.441781991161406,234.0
BFS,den505d.map,301,21910,1,0,25.67004802403972,647.0
DFS,den505d.map,0,0,0,0,0.0,0.0
Dijkstra,den505d.map,301,21792,1,0,44.70168199623004,1115.0
Greedy,den505d.map,315,329,1,0,0.840307999169454,1386.0
ZEN,combat2.map,256,256,1,0,1.1424969998188317,5.0
A*,combat2.map,256,15058,1,0,32.57894399575889,5.0
Weighted A*,combat2.map,256,256,1,0,0.8352080185431987,5.0
Chance-Constrained A*,combat2.map,0,136645,0,0,560.6766840210184,0.0
CVaR A*,combat2.map,0,136645,0,0,616.8738499982283,0.0
Risk-Penalized A*,combat2.map,256,14916,1,0,38.93082099966705,5.0
Risk-Penalized Dijkstra,combat2.map,0,0,0,0,0.0,0.0
Risk-Penalized Greedy,combat2.map,256,256,1,0,0.8184399921447039,5.0
BFS,combat2.map,0,0,0,0,0.0,0.0
DFS,combat2.map,11256,28836,1,0,21.96780900703743,4285.0
Dijkstra,combat2.map,0,0,0,0,0.0,0.0
Greedy,combat2.map,256,256,1,0,0.70310800219886,5.0
ZEN,den998d.map,80,389,1,0,1.1427119898144156,164.0
A*,den998d.map,80,422,1,0,0.8450699970126152,205.0
Weighted A*,den998d.map,80,105,1,0,0.3002909943461418,205.0
Chance-Constrained A*,den998d.map,0,21329,0,0,83.13810100662522,0.0
CVaR A*,den998d.map,0,21329,0,0,130.02906600013375,0.0
Risk-Penalized A*,den998d.map,80,1084,1,0,2.8079320036340505,97.0
Risk-Penalized Dijkstra,den998d.map,80,1595,1,0,3.672725986689329,97.0
Risk-Penalized Greedy,den998d.map,80,100,1,0,0.2863990084733814,109.0
BFS,den998d.map,80,1675,1,0,1.8442849977873264,235.0
DFS,den998d.map,182,967,1,0,0.832013989565894,597.0
Dijkstra,den998d.map,80,1652,1,0,3.008571016835049,172.0
Greedy,den998d.map,80,86,1,0,0.2183429896831512,205.0
ZEN,ost000a.map,726,30116,1,0,108.86863697669467,943.0
A*,ost000a.map,726,30502,1,0,82.44680598727427,1999.0
Weighted A*,ost000a.map,772,13576,1,0,47.09733399795368,2634.0
Chance-Constrained A*,ost000a.map,0,1887613,0,0,12588.188218011055,0.0
CVaR A*,ost000a.map,0,1887613,0,0,13773.797506000848,0.0
Risk-Penalized A*,ost000a.map,754,32782,1,0,105.88382798596284,11.0
Risk-Penalized Dijkstra,ost000a.map,754,105482,1,0,327.094603999285,11.0
Risk-Penalized Greedy,ost000a.map,934,21029,1,0,55.29399198712781,1186.0
BFS,ost000a.map,726,103795,1,0,144.0375809906982,1879.0
DFS,ost000a.map,5370,90531,1,0,116.47519600228406,7575.0
Dijkstra,ost000a.map,726,103442,1,0,263.2028909865767,2017.0
Greedy,ost000a.map,964,20936,1,0,49.5353729929775,5271.0
ZEN,orz107d.map,31,83,1,0,0.234806997468695,39.0
A*,orz107d.map,31,83,1,0,0.1830770052038133,59.0
Weighted A*,orz107d.map,31,31,1,0,0.0845759932417422,59.0
Chance-Constrained A*,orz107d.map,31,256,1,0,0.8978890255093575,39.0
CVaR A*,orz107d.map,31,256,1,0,1.058922993252054,39.0
Risk-Penalized A*,orz107d.map,31,469,1,0,1.1216010025236756,39.0
Risk-Penalized Dijkstra,orz107d.map,31,603,1,0,1.550396002130583,39.0
Risk-Penalized Greedy,orz107d.map,31,50,1,0,0.1949110010173171,39.0
BFS,orz107d.map,31,631,1,0,0.8511359919793904,59.0
DFS,orz107d.map,149,434,1,0,0.2978630072902888,264.0
Dijkstra,orz107d.map,31,628,1,0,1.0662679851520809,59.0
Greedy,orz107d.map,31,31,1,0,0.0747220183257013,59.0
ZEN,den000d.map,0,48906,0,0,156.29493701271713,0.0
A*,den000d.map,0,48906,0,0,125.5524790030904,0.0
Weighted A*,den000d.map,0,48906,0,0,180.55258999811485,0.0
Chance-Constrained A*,den000d.map,0,706213,0,0,3933.5255249752654,0.0
CVaR A*,den000d.map,0,706213,0,0,4090.689551987453,0.0
Risk-Penalized A*,den000d.map,0,48906,0,0,138.11884200549684,0.0
Risk-Penalized Dijkstra,den000d.map,0,48906,0,0,126.61722299526446,0.0
Risk-Penalized Greedy,den000d.map,0,48906,0,0,110.42883800109848,0.0
BFS,den000d.map,0,48906,0,0,56.67990498477593,0.0
DFS,den000d.map,0,48906,0,0,55.89065901585855,0.0
Dijkstra,den000d.map,0,48906,0,0,103.2183740171604,0.0
Greedy,den000d.map,0,48906,0,0,99.24231100012548,0.0
ZEN,lak102d.map,35,113,1,0,0.3700180095620453,115.0
A*,lak102d.map,35,154,1,0,0.3875050169881433,167.0
Weighted A*,lak102d.map,35,36,1,0,0.1697860134299844,167.0
Chance-Constrained A*,lak102d.map,0,4561,0,0,31.03475598618388,0.0
CVaR A*,lak102d.map,0,4561,0,0,18.1397209817078,0.0
Risk-Penalized A*,lak102d.map,37,229,1,0,0.5848649889230728,98.0
Risk-Penalized Dijkstra,lak102d.map,37,316,1,0,0.67037099506706,98.0
Risk-Penalized Greedy,lak102d.map,37,37,1,0,0.0981500197667628,113.0
BFS,lak102d.map,35,450,1,0,0.4576659994199872,167.0
DFS,lak102d.map,95,239,1,0,0.1706680050119757,613.0
Dijkstra,lak102d.map,35,439,1,0,0.7232759962789714,167.0
Greedy,lak102d.map,35,36,1,0,0.0870060175657272,167.0
ZEN,orz704d.map,0,1,0,0,0.0210810103453695,0.0
A*,orz704d.map,0,1,0,0,0.0064350024331361,0.0
Weighted A*,orz704d.map,0,1,0,0,0.0024069740902632,0.0
Chance-Constrained A*,orz704d.map,0,1,0,0,0.0063990009948611,0.0
CVaR A*,orz704d.map,0,1,0,0,0.0037279969546943,0.0
Risk-Penalized A*,orz704d.map,0,1,0,0,0.0024569744709879,0.0
Risk-Penalized Dijkstra,orz704d.map,0,1,0,0,0.0013189855962991,0.0
Risk-Penalized Greedy,orz704d.map,0,1,0,0,0.002655986463651,0.0
BFS,orz704d.map,0,1,0,0,0.0071880058385431,0.0
DFS,orz704d.map,0,1,0,0,0.0017049896996468,0.0
Dijkstra,orz704d.map,0,1,0,0,0.0014760007616132,0.0
Greedy,orz704d.map,0,1,0,0,0.0011649972293525,0.0
ZEN,den520d.map,282,3550,1,0,10.885588999371976,0.0
A*,den520d.map,282,4403,1,0,10.307952994480727,570.0
Weighted A*,den520d.map,308,995,1,0,3.051020990824327,747.0
Chance-Constrained A*,den520d.map,0,263169,0,0,1300.0716569949873,0.0
CVaR A*,den520d.map,0,263169,0,0,1394.5924639992882,0.0
Risk-Penalized A*,den520d.map,282,3550,1,0,9.350470994831994,0.0
Risk-Penalized Dijkstra,den520d.map,282,19099,1,0,50.3691420017276,0.0
Risk-Penalized Greedy,den520d.map,334,394,1,0,1.201139995828271,106.0
BFS,den520d.map,282,19646,1,0,22.519960009958595,366.0
DFS,den520d.map,6868,20662,1,0,17.049310001311824,8090.0
Dijkstra,den520d.map,282,19636,1,0,39.97981402790174,570.0
Greedy,den520d.map,340,383,1,0,0.9614339796826245,1846.0
ZEN,lak405d.map,1438,25986,1,0,93.1605889927596,3568.0
A*,lak405d.map,1438,26225,1,0,68.82314698304981,6176.0
Weighted A*,lak405d.map,1492,16058,1,0,53.74200499500148,7646.0
Chance-Constrained A*,lak405d.map,0,3351993,0,0,25647.32227899367,0.0
CVaR A*,lak405d.map,0,3351993,0,0,27498.056036012717,0.0
Risk-Penalized A*,lak405d.map,1474,31457,1,0,98.5633690143004,344.0
Risk-Penalized Dijkstra,lak405d.map,1474,42945,1,0,124.9250840046443,344.0
Risk-Penalized Greedy,lak405d.map,1620,7852,1,0,22.40168600110337,1092.0
BFS,lak405d.map,1438,43115,1,0,61.63706802180968,6285.0
DFS,lak405d.map,5478,36687,1,0,43.4023939887993,16309.0
Dijkstra,lak405d.map,1438,43105,1,0,102.27129500708544,6025.0
Greedy,lak405d.map,1632,6850,1,0,16.532395005924627,11110.0
ZEN,brc202d.map,742,22048,1,0,69.86390601377934,1082.0
A*,brc202d.map,742,22703,1,0,52.26910297642462,2380.0
Weighted A*,brc202d.map,754,14778,1,0,36.77766799228266,2662.0
Chance-Constrained A*,brc202d.map,0,1019721,0,0,5701.050691975979,0.0
CVaR A*,brc202d.map,0,1019721,0,0,6497.654249018524,0.0
Risk-Penalized A*,brc202d.map,756,24933,1,0,75.28941199416295,122.0
Risk-Penalized Dijkstra,brc202d.map,756,34703,1,0,95.3148659900762,122.0
Risk-Penalized Greedy,brc202d.map,924,12357,1,0,29.3954860244412,881.0
BFS,brc202d.map,742,34822,1,0,45.86244601523504,2295.0
DFS,brc202d.map,5884,28309,1,0,29.56590399844572,11033.0
Dijkstra,brc202d.map,742,34742,1,0,77.09082600194961,2380.0
Greedy,brc202d.map,996,12317,1,0,26.07030200306326,4513.0
ZEN,den312d.map,100,199,1,0,0.7456479943357408,256.0
A*,den312d.map,100,199,1,0,0.4656999954022467,261.0
Weighted A*,den312d.map,100,100,1,0,0.5291909910738468,261.0
Chance-Constrained A*,den312d.map,100,10015,1,0,59.91011700825766,256.0
CVaR A*,den312d.map,100,10015,1,0,62.47518301825039,256.0
Risk-Penalized A*,den312d.map,0,0,0,0,0.0,0.0
Risk-Penalized Dijkstra,den312d.map,0,0,0,0,0.0,0.0
Risk-Penalized Greedy,den312d.map,104,129,1,0,0.8417209901381284,184.0
BFS,den312d.map,0,0,0,0,0.0,0.0
DFS,den312d.map,222,489,1,0,0.6665740220341831,793.0
Dijkstra,den312d.map,0,0,0,0,0.0,0.0
Greedy,den312d.map,100,100,1,0,0.5623640026897192,261.0
ZEN,lak510d.map,133,1347,1,0,6.341685017105192,149.0
A*,lak510d.map,133,1451,1,0,3.03703302051872,783.0
Weighted A*,lak510d.map,135,156,1,0,0.451486004749313,814.0
Chance-Constrained A*,lak510d.map,0,290445,0,0,1390.0471240049228,0.0
CVaR A*,lak510d.map,0,290445,0,0,1548.1839839776512,0.0
Risk-Penalized A*,lak510d.map,163,1468,1,0,3.6691070126835257,7.0
Risk-Penalized Dijkstra,lak510d.map,163,7192,1,0,17.830981989391148,7.0
Risk-Penalized Greedy,lak510d.map,159,344,1,0,0.918702018680051,89.0
BFS,lak510d.map,133,6616,1,0,7.668286008993164,783.0
DFS,lak510d.map,1393,3501,1,0,2.4450119817629457,3025.0
Dijkstra,lak510d.map,133,6565,1,0,12.846506986534225,783.0
Greedy,lak510d.map,141,146,1,0,0.4063090018462389,892.0
ZEN,den009d.map,0,1,0,0,0.0087569933384656,0.0
A*,den009d.map,0,1,0,0,0.0045739870984107,0.0
Weighted A*,den009d.map,0,1,0,0,0.0020489969756454,0.0
Chance-Constrained A*,den009d.map,0,1,0,0,0.0041970051825046,0.0
CVaR A*,den009d.map,0,1,0,0,0.0025310146156698,0.0
Risk-Penalized A*,den009d.map,0,1,0,0,0.0017810089047998,0.0
Risk-Penalized Dijkstra,den009d.map,0,1,0,0,0.0011190131772309,0.0
Risk-Penalized Greedy,den009d.map,0,1,0,0,0.0017860147636383,0.0
BFS,den009d.map,0,1,0,0,0.0029750226531177,0.0
DFS,den009d.map,0,1,0,0,0.0014990218915045,0.0
Dijkstra,den009d.map,0,1,0,0,0.0011790252756327,0.0
Greedy,den009d.map,0,1,0,0,0.0011689844541251,0.0
ZEN,lak106d.map,54,306,1,0,0.8605110051576048,15.0
A*,lak106d.map,54,450,1,0,0.8880770183168352,125.0
Weighted A*,lak106d.map,54,54,1,0,0.1542230020277202,125.0
Chance-Constrained A*,lak106d.map,54,7951,1,0,28.746929980115965,15.0
CVaR A*,lak106d.map,54,7951,1,0,31.760641024447978,15.0
Risk-Penalized A*,lak106d.map,54,350,1,0,0.9410860075149684,15.0
Risk-Penalized Dijkstra,lak106d.map,54,1613,1,0,3.7374769744928926,15.0
Risk-Penalized Greedy,lak106d.map,54,54,1,0,0.1616560039110481,15.0
BFS,lak106d.map,54,1831,1,0,1.8896769906859845,15.0
DFS,lak106d.map,192,1857,1,0,1.7285720095969737,212.0
Dijkstra,lak106d.map,54,1808,1,0,3.195372992195189,125.0
Greedy,lak106d.map,54,54,1,0,0.1443210057914257,125.0
ZEN,brc200d.map,0,2964,0,0,7.393598003545776,0.0
A*,brc200d.map,0,2964,0,0,6.2635960057377815,0.0
Weighted A*,brc200d.map,0,2964,0,0,6.133468996267766,0.0
Chance-Constrained A*,brc200d.map,0,441409,0,0,2879.568992007989,0.0
CVaR A*,brc200d.map,0,441409,0,0,2489.633048011456,0.0
Risk-Penalized A*,brc200d.map,0,2964,0,0,6.834891013568267,0.0
Risk-Penalized Dijkstra,brc200d.map,0,2964,0,0,5.998288979753852,0.0
Risk-Penalized Greedy,brc200d.map,0,2964,0,0,5.275702977087349,0.0
BFS,brc200d.map,0,2964,0,0,2.8489170072134584,0.0
DFS,brc200d.map,0,2964,0,0,2.846446994226426,0.0
Dijkstra,brc200d.map,0,2964,0,0,4.957817000104114,0.0
Greedy,brc200d.map,0,2964,0,0,5.154899001354352,0.0
ZEN,hrt002d.map,34,105,1,0,0.2991409855894744,148.0
A*,hrt002d.map,34,116,1,0,0.2104640007019043,199.0
Weighted A*,hrt002d.map,34,34,1,0,0.0870359945110976,199.0
Chance-Constrained A*,hrt002d.map,34,2460,1,0,8.259490015916526,148.0
CVaR A*,hrt002d.map,34,2460,1,0,8.92229299643077,148.0
Risk-Penalized A*,hrt002d.map,38,529,1,0,1.214896998135373,127.0
Risk-Penalized Dijkstra,hrt002d.map,38,661,1,0,1.3057859905529767,127.0
Risk-Penalized Greedy,hrt002d.map,38,45,1,0,0.1090670120902359,176.0
BFS,hrt002d.map,34,633,1,0,0.6548349920194596,183.0
DFS,hrt002d.map,80,720,1,0,0.6159500044304878,437.0
Dijkstra,hrt002d.map,34,617,1,0,0.9762390109244734,199.0
Greedy,hrt002d.map,34,34,1,0,0.0758300011511892,199.0
ZEN,orz500d.map,288,3733,1,0,12.166686006821692,272.0
A*,orz500d.map,288,4892,1,0,11.141149996547028,502.0
Weighted A*,orz500d.map,288,293,1,0,0.9381899726577104,569.0
Chance-Constrained A*,orz500d.map,0,414505,0,0,2023.5915209923403,0.0
CVaR A*,orz500d.map,0,414505,0,0,2247.1272310067434,0.0
Risk-Penalized A*,orz500d.map,296,3650,1,0,10.614661005092785,0.0
Risk-Penalized Dijkstra,orz500d.map,296,13659,1,0,37.3021709965542,0.0
Risk-Penalized Greedy,orz500d.map,294,904,1,0,2.376093005295843,49.0
BFS,orz500d.map,288,14131,1,0,16.833304980536923,1038.0
DFS,orz500d.map,1168,11118,1,0,11.634908994892612,2308.0
Dijkstra,orz500d.map,288,14126,1,0,28.9964450057596,542.0
Greedy,orz500d.map,288,293,1,0,0.8554710075259209,569.0
ZEN,brc300d.map,0,979,0,0,2.110927976900712,0.0
A*,brc300d.map,0,979,0,0,1.7454219923820349,0.0
Weighted A*,brc300d.map,0,979,0,0,1.794061012333259,0.0
Chance-Constrained A*,brc300d.map,0,361873,0,0,1705.360641994048,0.0
CVaR A*,brc300d.map,0,361873,0,0,1806.6308540001048,0.0
Risk-Penalized A*,brc300d.map,0,979,0,0,2.3677219869568944,0.0
Risk-Penalized Dijkstra,brc300d.map,0,979,0,0,1.8548750085756185,0.0
Risk-Penalized Greedy,brc300d.map,0,979,0,0,1.569416985148564,0.0
BFS,brc300d.map,0,979,0,0,0.825254013761878,0.0
DFS,brc300d.map,0,979,0,0,0.949385022977367,0.0
Dijkstra,brc300d.map,0,979,0,0,1.456397003494203,0.0
Greedy,brc300d.map,0,979,0,0,1.424749003490433,0.0
ZEN,lak512d.map,707,12237,1,0,40.86999600986019,913.0
A*,lak512d.map,707,12439,1,0,31.418914993992075,1983.0
Weighted A*,lak512d.map,715,7780,1,0,22.271008987445384,2250.0
Chance-Constrained A*,lak512d.map,0,781705,0,0,4229.324865998933,0.0
CVaR A*,lak512d.map,0,781705,0,0,4640.602995001245,0.0
Risk-Penalized A*,lak512d.map,717,16958,1,0,49.81522398884408,200.0
Risk-Penalized Dijkstra,lak512d.map,717,23289,1,0,63.72419698163867,200.0
Risk-Penalized Greedy,lak512d.map,777,4226,1,0,10.882739996304736,414.0
BFS,lak512d.map,707,23333,1,0,30.562986008590087,1940.0
DFS,lak512d.map,3651,15661,1,0,15.151806990616024,7551.0
Dijkstra,lak512d.map,707,23313,1,0,50.9635099733714,1963.0
Greedy,lak512d.map,789,4177,1,0,10.050770011730492,3126.0
ZEN,arena.map,74,74,1,0,0.5679570022039115,31.0
A*,arena.map,74,1290,1,0,2.9556630179286003,278.0
Weighted A*,arena.map,74,74,1,0,0.2291380078531801,278.0
Chance-Constrained A*,arena.map,0,9605,0,0,41.75947597832419,0.0
CVaR A*,arena.map,0,9605,0,0,96.7499740072526,0.0
Risk-Penalized A*,arena.map,74,962,1,0,3.782412008149549,31.0
Risk-Penalized Dijkstra,arena.map,74,1830,1,0,3.99569800356403,31.0
Risk-Penalized Greedy,arena.map,74,74,1,0,0.2081260026898235,31.0
BFS,arena.map,74,1904,1,0,1.821532991016284,278.0
DFS,arena.map,682,1796,1,0,1.0947519913315773,1163.0
Dijkstra,arena.map,74,1888,1,0,3.168727009324357,278.0
Greedy,arena.map,74,74,1,0,0.1730299845803529,278.0
ZEN,orz103d.map,724,8645,1,0,29.69552800641395,1007.0
A*,orz103d.map,724,9373,1,0,21.98305400088429,1861.0
Weighted A*,orz103d.map,744,5825,1,0,16.073577979113907,2145.0
Chance-Constrained A*,orz103d.map,0,844513,0,0,4576.407018001191,0.0
CVaR A*,orz103d.map,0,844513,0,0,4969.9328019924,0.0
Risk-Penalized A*,orz103d.map,742,13863,1,0,36.90578800160438,267.0
Risk-Penalized Dijkstra,orz103d.map,742,17276,1,0,41.45339300157502,267.0
Risk-Penalized Greedy,orz103d.map,864,4878,1,0,11.003997002262622,769.0
BFS,orz103d.map,724,17345,1,0,20.39006899576634,2293.0
DFS,orz103d.map,3040,11474,1,0,9.667420003097504,7991.0
Dijkstra,orz103d.map,724,17324,1,0,34.60120499948971,1814.0
Greedy,orz103d.map,942,4884,1,0,10.56843000696972,5214.0
ZEN,den500d.map,421,9030,1,0,31.652306992327794,506.0
A*,den500d.map,421,9031,1,0,30.33210799912922,943.0
Weighted A*,den500d.map,437,6531,1,0,18.881171999964863,1305.0
Chance-Constrained A*,den500d.map,0,480385,0,0,2391.531920002308,0.0
CVaR A*,den500d.map,0,480385,0,0,2632.117137021851,0.0
Risk-Penalized A*,den500d.map,437,20383,1,0,55.219928006408736,141.0
Risk-Penalized Dijkstra,den500d.map,0,0,0,0,0.0,0.0
Risk-Penalized Greedy,den500d.map,521,7822,1,0,16.92065899260342,313.0
BFS,den500d.map,0,0,0,0,0.0,0.0
DFS,den500d.map,0,0,0,0,0.0,0.0
Dijkstra,den500d.map,0,0,0,0,0.0,0.0
Greedy,den500d.map,587,7674,1,0,15.14090900309384,1991.0
ZEN,den207d.map,38,115,1,0,0.3882449818775058,77.0
A*,den207d.map,38,189,1,0,0.4029019910376519,194.0
Weighted A*,den207d.map,40,97,1,0,0.2512399805709719,240.0
Chance-Constrained A*,den207d.map,38,7358,1,0,29.05878800083883,60.0
CVaR A*,den207d.map,38,7358,1,0,34.00052501820028,60.0
Risk-Penalized A*,den207d.map,42,164,1,0,0.5504360015038401,2.0
Risk-Penalized Dijkstra,den207d.map,42,714,1,0,1.775744021870196,2.0
Risk-Penalized Greedy,den207d.map,48,96,1,0,0.2340379869565367,61.0
BFS,den207d.map,38,836,1,0,0.9633429872337728,177.0
DFS,den207d.map,200,613,1,0,0.497411994729191,617.0
Dijkstra,den207d.map,38,826,1,0,1.5451940125785768,194.0
Greedy,den207d.map,62,92,1,0,0.1902359945233911,417.0
ZEN,den504d.map,221,3097,1,0,8.953559008659795,312.0
A*,den504d.map,221,3328,1,0,6.650941009866074,641.0
Weighted A*,den504d.map,229,1111,1,0,2.7539430011529475,652.0
Chance-Constrained A*,den504d.map,0,143465,0,0,642.1506660117302,0.0
CVaR A*,den504d.map,0,143465,0,0,683.3344729966484,0.0
Risk-Penalized A*,den504d.map,233,8822,1,0,21.545762981986627,149.0
Risk-Penalized Dijkstra,den504d.map,233,13024,1,0,32.19220699975267,149.0
Risk-Penalized Greedy,den504d.map,249,489,1,0,1.1331679997965691,239.0
BFS,den504d.map,221,12765,1,0,14.457777026109396,1116.0
DFS,den504d.map,2045,11239,1,0,10.25110701448284,3870.0
Dijkstra,den504d.map,221,12756,1,0,24.75072699598968,841.0
Greedy,den504d.map,253,468,1,0,0.9837939869612456,1086.0
ZEN,den020d.map,127,1049,1,0,2.99995401292108,257.0
A*,den020d.map,127,1055,1,0,2.7451929927337915,540.0
Weighted A*,den020d.map,139,316,1,0,0.9987619996536524,730.0
Chance-Constrained A*,den020d.map,0,42009,0,0,152.13826700346544,0.0
CVaR A*,den020d.map,0,42009,0,0,190.4941789980512,0.0
Risk-Penalized A*,den020d.map,0,0,0,0,0.0,0.0
Risk-Penalized Dijkstra,den020d.map,0,0,0,0,0.0,0.0
Risk-Penalized Greedy,den020d.map,149,185,1,0,0.4756360140163451,309.0
BFS,den020d.map,0,0,0,0,0.0,0.0
DFS,den020d.map,597,2406,1,0,1.7828669806476682,2337.0
Dijkstra,den020d.map,0,0,0,0,0.0,0.0
Greedy,den020d.map,147,170,1,0,0.3576509770937264,829.0
ZEN,lgt604d.map,232,6141,1,0,17.960930010303855,274.0
A*,lgt604d.map,232,6223,1,0,13.238101004390046,835.0
Weighted A*,lgt604d.map,254,3306,1,0,10.167610977077857,1111.0
Chance-Constrained A*,lgt604d.map,0,260065,0,0,1277.44585898472,0.0
CVaR A*,lgt604d.map,0,260065,0,0,1445.442294003442,0.0
Risk-Penalized A*,lgt604d.map,236,6955,1,0,18.54346197796985,28.0
Risk-Penalized Dijkstra,lgt604d.map,236,10400,1,0,26.800046005519107,28.0
Risk-Penalized Greedy,lgt604d.map,334,1163,1,0,2.730243984842673,180.0
BFS,lgt604d.map,232,10385,1,0,11.59204900613986,925.0
DFS,lgt604d.map,1884,10394,1,0,9.855191980022935,3626.0
Dijkstra,lgt604d.map,232,10379,1,0,20.47688700258732,835.0
Greedy,lgt604d.map,334,1072,1,0,2.179321978474036,2216.0
ZEN,lak108d.map,35,178,1,0,0.4780239833053201,119.0
A*,lak108d.map,35,185,1,0,0.339728983817622,240.0
Weighted A*,lak108d.map,35,41,1,0,0.1032929867506027,240.0
Chance-Constrained A*,lak108d.map,0,2809,0,0,10.381013009464368,0.0
CVaR A*,lak108d.map,0,2809,0,0,11.8492059991695,0.0
Risk-Penalized A*,lak108d.map,35,248,1,0,0.5778660124633461,119.0
Risk-Penalized Dijkstra,lak108d.map,35,263,1,0,0.5303780199028552,119.0
Risk-Penalized Greedy,lak108d.map,35,36,1,0,0.1000970078166574,119.0
BFS,lak108d.map,35,278,1,0,0.2750329731497913,286.0
DFS,lak108d.map,93,272,1,0,0.2019849780481308,312.0
Dijkstra,lak108d.map,35,272,1,0,0.4289849894121289,240.0
Greedy,lak108d.map,35,75,1,0,0.1382239861413836,240.0
ZEN,orz900d.map,0,25777,0,0,83.76730998861603,0.0
A*,orz900d.map,0,25777,0,0,65.21172900102101,0.0
Weighted A*,orz900d.map,0,25777,0,0,70.97752898698673,0.0
Chance-Constrained A*,orz900d.map,0,3912385,0,0,38686.26530800248,0.0
CVaR A*,orz900d.map,0,3912385,0,0,39910.14314402128,0.0
Risk-Penalized A*,orz900d.map,0,25777,0,0,74.01069099432789,0.0
Risk-Penalized Dijkstra,orz900d.map,0,25777,0,0,71.18279099813662,0.0
Risk-Penalized Greedy,orz900d.map,0,25777,0,0,63.04202301544137,0.0
BFS,orz900d.map,0,25777,0,0,34.230049001052976,0.0
DFS,orz900d.map,0,25777,0,0,34.52039699186571,0.0
Dijkstra,orz900d.map,0,25777,0,0,59.61241701152176,0.0
Greedy,orz900d.map,0,25777,0,0,58.49030800163746,0.0
ZEN,den900d.map,131,526,1,0,2.061926992610097,1.0
A*,den900d.map,131,1529,1,0,3.2298540172632784,421.0
Weighted A*,den900d.map,149,501,1,0,1.4127649774309248,538.0
Chance-Constrained A*,den900d.map,0,65537,0,0,255.8757060032804,0.0
CVaR A*,den900d.map,0,65537,0,0,334.5689950219821,0.0
Risk-Penalized A*,den900d.map,131,1122,1,0,2.958282013423741,1.0
Risk-Penalized Dijkstra,den900d.map,131,4346,1,0,10.112449002917856,1.0
Risk-Penalized Greedy,den900d.map,173,243,1,0,0.6395930249709636,140.0
BFS,den900d.map,131,4847,1,0,5.313219007803127,421.0
DFS,den900d.map,623,1508,1,0,0.8204499899875373,850.0
Dijkstra,den900d.map,131,4829,1,0,9.034681017510591,421.0
Greedy,den900d.map,193,250,1,0,0.5475799844134599,1468.0
ZEN,lak110d.map,0,122,0,0,0.3082859911955893,0.0
A*,lak110d.map,0,122,0,0,0.2105309977196157,0.0
Weighted A*,lak110d.map,0,122,0,0,0.2603450266178697,0.0
Chance-Constrained A*,lak110d.map,0,2521,0,0,8.864152012392879,0.0
CVaR A*,lak110d.map,0,2521,0,0,10.972882999340072,0.0
Risk-Penalized A*,lak110d.map,0,122,0,0,0.273070007096976,0.0
Risk-Penalized Dijkstra,lak110d.map,0,122,0,0,0.2248449891339987,0.0
Risk-Penalized Greedy,lak110d.map,0,122,0,0,0.2032160118687898,0.0
BFS,lak110d.map,0,122,0,0,0.1319340080954134,0.0
DFS,lak110d.map,0,122,0,0,0.117254996439442,0.0
Dijkstra,lak110d.map,0,122,0,0,0.1840189797803759,0.0
Greedy,lak110d.map,0,122,0,0,0.184661999810487,0.0
ZEN,ost004d.map,87,87,1,0,0.4379909951239824,0.0
A*,ost004d.map,87,1543,1,0,3.5504790139384568,157.0
Weighted A*,ost004d.map,87,87,1,0,0.2844099944923073,157.0
Chance-Constrained A*,ost004d.map,0,28225,0,0,113.11030300566928,0.0
CVaR A*,ost004d.map,0,28225,0,0,124.64381699101068,0.0
Risk-Penalized A*,ost004d.map,87,1366,1,0,3.820268000708893,0.0
Risk-Penalized Dijkstra,ost004d.map,87,3867,1,0,9.972447995096443,0.0
Risk-Penalized Greedy,ost004d.map,87,87,1,0,0.2991349902004003,0.0
BFS,ost004d.map,87,3963,1,0,4.515894019277766,157.0
DFS,ost004d.map,1333,3451,1,0,2.4150069802999496,1220.0
Dijkstra,ost004d.map,87,3930,1,0,8.468551997793838,157.0
Greedy,ost004d.map,87,87,1,0,0.270824006292969,157.0
ZEN,orz304d.map,115,475,1,0,1.4372500008903444,143.0
A*,orz304d.map,115,546,1,0,1.1129430204164237,143.0
Weighted A*,orz304d.map,115,142,1,0,0.3952560073230415,143.0
Chance-Constrained A*,orz304d.map,0,46501,0,0,226.80261000641624,0.0
CVaR A*,orz304d.map,0,46501,0,0,204.66831099474803,0.0
Risk-Penalized A*,orz304d.map,117,1463,1,0,3.3569280058145523,50.0
Risk-Penalized Dijkstra,orz304d.map,117,4449,1,0,10.33572299638763,50.0
Risk-Penalized Greedy,orz304d.map,117,127,1,0,0.3586479870136827,84.0
BFS,orz304d.map,115,4678,1,0,4.6785140002612025,157.0
DFS,orz304d.map,235,4745,1,0,4.952411021804437,423.0
Dijkstra,orz304d.map,115,4628,1,0,8.009547018446028,88.0
Greedy,orz304d.map,115,123,1,0,0.2999040007125586,143.0
ZEN,brc204d.map,465,3342,1,0,15.489483979763463,114.0
A*,brc204d.map,465,5629,1,0,12.440677994163709,1191.0
Weighted A*,brc204d.map,495,1781,1,0,5.1182710158173,1890.0
Chance-Constrained A*,brc204d.map,0,739597,0,0,4088.354086998152,0.0
CVaR A*,brc204d.map,0,739597,0,0,4358.385433006333,0.0
Risk-Penalized A*,brc204d.map,467,8320,1,0,23.344684013864025,60.0
Risk-Penalized Dijkstra,brc204d.map,467,21538,1,0,55.01993600046262,60.0
Risk-Penalized Greedy,brc204d.map,505,2441,1,0,5.798455997137353,462.0
BFS,brc204d.map,465,21760,1,0,25.790954008698463,1157.0
DFS,brc204d.map,2243,8921,1,0,7.306238025194034,3681.0
Dijkstra,brc204d.map,465,21724,1,0,43.84917498100549,1191.0
Greedy,brc204d.map,605,2472,1,0,5.04793698200956,2564.0
ZEN,lak304d.map,221,2338,1,0,7.544218999100849,70.0
A*,lak304d.map,221,2352,1,0,4.824884992558509,1181.0
Weighted A*,lak304d.map,225,391,1,0,1.074253988917917,1188.0
Chance-Constrained A*,lak304d.map,0,149769,0,0,653.6417510069441,0.0
CVaR A*,lak304d.map,0,149769,0,0,741.0443559929263,0.0
Risk-Penalized A*,lak304d.map,221,3996,1,0,9.91866600816138,70.0
Risk-Penalized Dijkstra,lak304d.map,221,15217,1,0,38.82411800441332,70.0
Risk-Penalized Greedy,lak304d.map,253,493,1,0,1.2909200158901513,144.0
BFS,lak304d.map,221,16532,1,0,18.6690480040852,1162.0
DFS,lak304d.map,1717,11447,1,0,10.70760699803941,4269.0
Dijkstra,lak304d.map,221,16481,1,0,32.43899799417704,1181.0
Greedy,lak304d.map,251,448,1,0,1.0130039881914854,1422.0
ZEN,brc101d.map,690,12462,1,0,48.01012700772844,2396.0
A*,brc101d.map,690,12639,1,0,33.76735400524922,4366.0
Weighted A*,brc101d.map,726,6988,1,0,20.116530009545382,4145.0
Chance-Constrained A*,brc101d.map,0,981505,0,0,6421.275185013656,0.0
CVaR A*,brc101d.map,0,981505,0,0,7088.447132002329,0.0
Risk-Penalized A*,brc101d.map,710,13963,1,0,46.96046601748094,12.0
Risk-Penalized Dijkstra,brc101d.map,710,27064,1,0,88.22534600039944,12.0
Risk-Penalized Greedy,brc101d.map,772,1557,1,0,4.3803419976029545,727.0
BFS,brc101d.map,690,26838,1,0,39.54854898620397,3614.0
DFS,brc101d.map,2422,17710,1,0,21.555825020186603,5261.0
Dijkstra,brc101d.map,690,26747,1,0,67.95303602120839,4366.0
Greedy,brc101d.map,780,1373,1,0,3.4609599970281124,5565.0
ZEN,orz800d.map,1003,26877,1,0,96.83296998264268,1886.0
A*,orz800d.map,1003,26885,1,0,71.54139000340365,5679.0
Weighted A*,orz800d.map,1043,4277,1,0,13.871034985641018,6705.0
Chance-Constrained A*,orz800d.map,0,2930369,0,0,21922.710341983475,0.0
CVaR A*,orz800d.map,0,2930369,0,0,23415.571686986368,0.0
Risk-Penalized A*,orz800d.map,1029,34974,1,0,111.60947399912402,270.0
Risk-Penalized Dijkstra,orz800d.map,1029,50005,1,0,149.8163630021736,270.0
Risk-Penalized Greedy,orz800d.map,1169,3164,1,0,8.801738993497565,633.0
BFS,orz800d.map,1003,49376,1,0,71.01258597685955,4624.0
DFS,orz800d.map,4611,28559,1,0,33.2478639902547,11660.0
Dijkstra,orz800d.map,1003,49355,1,0,119.0622650028672,5456.0
Greedy,orz800d.map,1171,3092,1,0,7.006764994002879,8104.0
ZEN,brc505d.map,333,2404,1,0,7.681944000069052,890.0
A*,brc505d.map,333,4253,1,0,9.827211004449056,1218.0
Weighted A*,brc505d.map,335,1347,1,0,3.184867993695661,1224.0
Chance-Constrained A*,brc505d.map,0,201493,0,0,829.8155980010051,0.0
CVaR A*,brc505d.map,0,201493,0,0,898.1175800145138,0.0
Risk-Penalized A*,brc505d.map,345,7124,1,0,16.69926001341082,414.0
Risk-Penalized Dijkstra,brc505d.map,345,21910,1,0,54.18608299805783,414.0
Risk-Penalized Greedy,brc505d.map,397,1308,1,0,2.73618201026693,743.0
BFS,brc505d.map,333,23271,1,0,25.98255398334004,1181.0
DFS,brc505d.map,2039,4577,1,0,2.883341978304088,4525.0
Dijkstra,brc505d.map,333,23129,1,0,45.37888499908149,1218.0
Greedy,brc505d.map,379,1283,1,0,2.32317898189649,1676.0
ZEN,den901d.map,103,975,1,0,2.924811007687822,15.0
A*,den901d.map,103,1353,1,0,2.908412978285924,309.0
Weighted A*,den901d.map,109,125,1,0,0.342636980349198,526.0
Chance-Constrained A*,den901d.map,0,66049,0,0,314.4772310042754,0.0
CVaR A*,den901d.map,0,66049,0,0,301.22956400737166,0.0
Risk-Penalized A*,den901d.map,105,658,1,0,1.6814170230645686,0.0
Risk-Penalized Dijkstra,den901d.map,105,7336,1,0,18.17977600148879,0.0
Risk-Penalized Greedy,den901d.map,111,111,1,0,0.3619000199250877,19.0
BFS,den901d.map,103,7601,1,0,8.423560997471213,327.0
DFS,den901d.map,1479,7159,1,0,6.203742988873273,1511.0
Dijkstra,den901d.map,103,7590,1,0,15.253744000801817,309.0
Greedy,den901d.map,111,113,1,0,0.2820920199155807,558.0
ZEN,lak107d.map,24,65,1,0,0.1951739832293242,7.0
A*,lak107d.map,24,85,1,0,0.1641279959585517,197.0
Weighted A*,lak107d.map,24,24,1,0,0.0596609897911548,197.0
Chance-Constrained A*,lak107d.map,0,3745,0,0,13.704464014153928,0.0
CVaR A*,lak107d.map,0,3745,0,0,14.919856010237709,0.0
Risk-Penalized A*,lak107d.map,24,92,1,0,0.2535949752200395,7.0
Risk-Penalized Dijkstra,lak107d.map,24,240,1,0,0.5116969987284392,7.0
Risk-Penalized Greedy,lak107d.map,24,24,1,0,0.0715520000085234,7.0
BFS,lak107d.map,24,299,1,0,0.3188700065948069,7.0
DFS,lak107d.map,74,311,1,0,0.2549510099925101,322.0
Dijkstra,lak107d.map,24,299,1,0,0.4982230020686984,197.0
Greedy,lak107d.map,24,24,1,0,0.0530930119566619,197.0
ZEN,lak519d.map,115,1116,1,0,4.568934004055336,78.0
A*,lak519d.map,115,1236,1,0,2.6685509947128594,272.0
Weighted A*,lak519d.map,117,205,1,0,0.605538982199505,288.0
Chance-Constrained A*,lak519d.map,0,97441,0,0,429.92950102780014,0.0
CVaR A*,lak519d.map,0,97441,0,0,442.31915700947866,0.0
Risk-Penalized A*,lak519d.map,119,2117,1,0,5.337190988939256,13.0
Risk-Penalized Dijkstra,lak519d.map,119,12043,1,0,61.96928001008928,13.0
Risk-Penalized Greedy,lak519d.map,145,189,1,0,0.5197039863560349,158.0
BFS,lak519d.map,115,12261,1,0,14.042991999303922,272.0
DFS,lak519d.map,1795,12775,1,0,12.968595983693376,3054.0
Dijkstra,lak519d.map,115,12204,1,0,25.56494198506698,272.0
Greedy,lak519d.map,141,180,1,0,0.4428179818205535,511.0
ZEN,orz601d.map,0,859,0,0,2.134912007022649,0.0
A*,orz601d.map,0,859,0,0,1.645296986680478,0.0
Weighted A*,orz601d.map,0,859,0,0,1.9571720040403304,0.0
Chance-Constrained A*,orz601d.map,0,20117,0,0,104.04019200359473,0.0
CVaR A*,orz601d.map,0,20117,0,0,99.74535499350168,0.0
Risk-Penalized A*,orz601d.map,0,859,0,0,2.154818008420989,0.0
Risk-Penalized Dijkstra,orz601d.map,0,859,0,0,1.9018019957002248,0.0
Risk-Penalized Greedy,orz601d.map,0,859,0,0,1.6246190061792731,0.0
BFS,orz601d.map,0,859,0,0,0.938067998504266,0.0
DFS,orz601d.map,0,859,0,0,0.8813669846858829,0.0
Dijkstra,orz601d.map,0,859,0,0,1.471299008699134,0.0
Greedy,orz601d.map,0,859,0,0,1.4612319937441498,0.0
ZEN,lak250d.map,94,566,1,0,2.0177749975118786,44.0
A*,lak250d.map,94,603,1,0,1.199732010718435,511.0
Weighted A*,lak250d.map,94,109,1,0,0.2924980071838945,511.0
Chance-Constrained A*,lak250d.map,94,165164,1,0,719.0608070231974,44.0
CVaR A*,lak250d.map,94,165164,1,0,822.3564260115381,44.0
Risk-Penalized A*,lak250d.map,98,1185,1,0,2.684100996702909,34.0
Risk-Penalized Dijkstra,lak250d.map,98,1515,1,0,3.050819010240957,34.0
Risk-Penalized Greedy,lak250d.map,94,105,1,0,0.262156972894445,49.0
BFS,lak250d.map,94,1469,1,0,2.108743996359408,511.0
DFS,lak250d.map,480,1147,1,0,0.7053250155877322,1556.0
Dijkstra,lak250d.map,94,1459,1,0,2.486078010406345,511.0
Greedy,lak250d.map,100,103,1,0,0.2217479923274368,614.0
ZEN,den206d.map,200,2474,1,0,6.814539985498413,521.0
A*,den206d.map,200,2513,1,0,4.969205008819699,810.0
Weighted A*,den206d.map,212,1525,1,0,3.7315720110200346,1397.0
Chance-Constrained A*,den206d.map,0,38001,0,0,154.17907098890282,0.0
CVaR A*,den206d.map,0,38001,0,0,210.4543419845868,0.0
Risk-Penalized A*,den206d.map,202,3663,1,0,9.29629901656881,240.0
Risk-Penalized Dijkstra,den206d.map,202,3919,1,0,9.578430996043608,240.0
Risk-Penalized Greedy,den206d.map,230,824,1,0,1.881977979792282,392.0
BFS,den206d.map,200,4094,1,0,4.82371001271531,766.0
DFS,den206d.map,668,1628,1,0,1.1513130157254636,1790.0
Dijkstra,den206d.map,200,4070,1,0,8.22840299224481,777.0
Greedy,den206d.map,230,750,1,0,1.6397970030084252,1627.0
ZEN,den404d.map,41,134,1,0,0.4163629782851785,175.0
A*,den404d.map,41,138,1,0,0.278042018180713,264.0
Weighted A*,den404d.map,41,66,1,0,0.1571349857840687,264.0
Chance-Constrained A*,den404d.map,0,3809,0,0,14.243059005821124,0.0
CVaR A*,den404d.map,0,3809,0,0,15.636737982276829,0.0
Risk-Penalized A*,den404d.map,47,326,1,0,0.8284960058517754,97.0
Risk-Penalized Dijkstra,den404d.map,47,345,1,0,0.7622519915457815,97.0
Risk-Penalized Greedy,den404d.map,51,77,1,0,0.2126820036210119,116.0
BFS,den404d.map,41,264,1,0,0.294628000119701,250.0
DFS,den404d.map,71,317,1,0,0.3045959747396409,431.0
Dijkstra,den404d.map,41,254,1,0,0.4342919855844229,264.0
Greedy,den404d.map,55,61,1,0,0.1341199968010187,436.0
ZEN,den202d.map,38,325,1,0,1.1902439873665571,13.0
A*,den202d.map,38,346,1,0,0.7114270119927824,85.0
Weighted A*,den202d.map,38,38,1,0,0.1168640155810862,85.0
Chance-Constrained A*,den202d.map,0,6241,0,0,58.65103501128033,0.0
CVaR A*,den202d.map,0,6241,0,0,26.050966000184417,0.0
Risk-Penalized A*,den202d.map,38,378,1,0,1.081724010873586,13.0
Risk-Penalized Dijkstra,den202d.map,38,506,1,0,1.186162990052253,13.0
Risk-Penalized Greedy,den202d.map,38,45,1,0,0.1405510120093822,13.0
BFS,den202d.map,38,549,1,0,0.5996699910610914,85.0
DFS,den202d.map,160,393,1,0,0.2581409935373813,477.0
Dijkstra,den202d.map,38,542,1,0,1.0209440079052,85.0
Greedy,den202d.map,38,38,1,0,0.106834020698443,85.0
ZEN,oth000d.map,670,10044,1,0,42.11941099492833,1359.0
A*,oth000d.map,670,10082,1,0,24.15999601362273,3494.0
Weighted A*,oth000d.map,676,5827,1,0,15.796845982549712,3524.0
Chance-Constrained A*,oth000d.map,0,589825,0,0,3232.471348019317,0.0
CVaR A*,oth000d.map,0,589825,0,0,3452.6239469996653,0.0
Risk-Penalized A*,oth000d.map,688,10386,1,0,28.5539019969292,13.0
Risk-Penalized Dijkstra,oth000d.map,688,14520,1,0,39.08542200224474,13.0
Risk-Penalized Greedy,oth000d.map,712,3354,1,0,8.067932008998469,417.0
BFS,oth000d.map,670,14385,1,0,18.32075000857003,3463.0
DFS,oth000d.map,3572,15226,1,0,15.267217997461556,7713.0
Dijkstra,oth000d.map,670,14329,1,0,31.01544300443493,3436.0
Greedy,oth000d.map,716,3271,1,0,7.146361022023484,4140.0
ZEN,lak526d.map,74,438,1,0,1.6191040049307048,277.0
A*,lak526d.map,74,503,1,0,0.9897910058498384,500.0
Weighted A*,lak526d.map,78,319,1,0,0.7260550046339631,570.0
Chance-Constrained A*,lak526d.map,0,63985,0,0,249.59005700657144,0.0
CVaR A*,lak526d.map,0,63985,0,0,389.0770220023114,0.0
Risk-Penalized A*,lak526d.map,76,856,1,0,1.9425250065978616,145.0
Risk-Penalized Dijkstra,lak526d.map,76,901,1,0,1.837671996327117,145.0
Risk-Penalized Greedy,lak526d.map,106,309,1,0,0.6321739929262549,233.0
BFS,lak526d.map,74,896,1,0,0.8693400013726205,430.0
DFS,lak526d.map,154,758,1,0,0.5773099837824702,773.0
Dijkstra,lak526d.map,74,891,1,0,1.4671620156150311,500.0
Greedy,lak526d.map,102,310,1,0,0.5270070105325431,829.0
ZEN,ost000t.map,947,37739,1,0,138.35241401102394,555.0
A*,ost000t.map,947,43490,1,0,120.58029999025166,2667.0
Weighted A*,ost000t.map,963,18750,1,0,60.34228199860081,2507.0
Chance-Constrained A*,ost000t.map,0,1891509,0,0,12034.27381097572,0.0
CVaR A*,ost000t.map,0,1891509,0,0,13062.024988001212,0.0
Risk-Penalized A*,ost000t.map,963,28853,1,0,85.53089699125849,0.0
Risk-Penalized Dijkstra,ost000t.map,963,103484,1,0,293.95385598763824,0.0
Risk-Penalized Greedy,ost000t.map,1159,21384,1,0,61.05213300907053,797.0
BFS,ost000t.map,947,104933,1,0,150.7697180204559,2511.0
DFS,ost000t.map,9511,93033,1,0,107.69181299838236,11940.0
Dijkstra,ost000t.map,947,104896,1,0,241.84356402838603,2575.0
Greedy,ost000t.map,1151,21315,1,0,46.33046197704971,5022.0
ZEN,isound1.map,75,282,1,0,1.0216730006504804,30.0
A*,isound1.map,75,789,1,0,1.528277003671974,30.0
Weighted A*,isound1.map,75,75,1,0,0.2159749856218695,30.0
Chance-Constrained A*,isound1.map,0,13861,0,0,50.474629999371246,0.0
CVaR A*,isound1.map,0,13861,0,0,60.94722999841906,0.0
Risk-Penalized A*,isound1.map,75,969,1,0,2.8252679912839085,30.0
Risk-Penalized Dijkstra,isound1.map,75,2113,1,0,5.334879009751603,30.0
Risk-Penalized Greedy,isound1.map,77,184,1,0,0.4733240057248622,37.0
BFS,isound1.map,75,2543,1,0,2.8232340118847787,30.0
DFS,isound1.map,545,2236,1,0,2.0793279982171957,1106.0
Dijkstra,isound1.map,75,2494,1,0,4.675378993852064,30.0
Greedy,isound1.map,75,75,1,0,0.2035780053120106,30.0
ZEN,brc502d.map,124,2142,1,0,9.058506024302917,7.0
A*,brc502d.map,124,2337,1,0,4.652374977013096,241.0
Weighted A*,brc502d.map,124,146,1,0,0.410645006923005,241.0
Chance-Constrained A*,brc502d.map,124,477785,1,0,2209.268584003439,7.0
CVaR A*,brc502d.map,124,477785,1,0,2505.914162989938,7.0
Risk-Penalized A*,brc502d.map,124,2429,1,0,5.80328400246799,7.0
Risk-Penalized Dijkstra,brc502d.map,124,4861,1,0,10.62834999174811,7.0
Risk-Penalized Greedy,brc502d.map,130,130,1,0,0.3708809963427484,53.0
BFS,brc502d.map,124,4897,1,0,4.939250997267664,241.0
DFS,brc502d.map,1556,4684,1,0,3.115387022262439,2389.0
Dijkstra,brc502d.map,124,4878,1,0,8.543150004697964,241.0
Greedy,brc502d.map,130,130,1,0,0.3209670248907059,365.0
ZEN,orz102d.map,46,314,1,0,1.1273940035607666,40.0
A*,orz102d.map,46,352,1,0,0.7288639899343252,164.0
Weighted A*,orz102d.map,48,48,1,0,0.1388679957017302,201.0
Chance-Constrained A*,orz102d.map,0,8649,0,0,32.49658198910765,0.0
CVaR A*,orz102d.map,0,8649,0,0,37.512816983507946,0.0
Risk-Penalized A*,orz102d.map,48,410,1,0,1.1235589918214828,35.0
Risk-Penalized Dijkstra,orz102d.map,48,649,1,0,1.581007003551349,35.0
Risk-Penalized Greedy,orz102d.map,48,52,1,0,0.1469980052206665,63.0
BFS,orz102d.map,46,734,1,0,0.788448000093922,164.0
DFS,orz102d.map,190,500,1,0,0.3069739905185997,575.0
Dijkstra,orz102d.map,46,732,1,0,1.2684090179391203,164.0
Greedy,orz102d.map,48,48,1,0,0.1190530019812285,201.0
ZEN,orz000d.map,80,201,1,0,0.8559349807910621,75.0
A*,orz000d.map,80,308,1,0,0.7834480202291161,75.0
Weighted A*,orz000d.map,80,80,1,0,0.4347589856479317,75.0
Chance-Constrained A*,orz000d.map,80,13818,1,0,62.36088299192488,75.0
CVaR A*,orz000d.map,80,13818,1,0,71.34312699781731,75.0
Risk-Penalized A*,orz000d.map,86,1178,1,0,3.0450510093942285,15.0
Risk-Penalized Dijkstra,orz000d.map,86,3625,1,0,8.425490988884121,15.0
Risk-Penalized Greedy,orz000d.map,82,82,1,0,0.260472996160388,33.0
BFS,orz000d.map,80,3780,1,0,4.048506001709029,75.0
DFS,orz000d.map,134,4056,1,0,4.371851013274863,204.0
Dijkstra,orz000d.map,80,3754,1,0,7.499316998291761,75.0
Greedy,orz000d.map,80,80,1,0,0.2365810214541852,75.0
ZEN,lak201d.map,0,2209,0,0,6.241694005439058,0.0
A*,lak201d.map,0,2209,0,0,4.262511996785179,0.0
Weighted A*,lak201d.map,0,2209,0,0,4.9840889987535775,0.0
Chance-Constrained A*,lak201d.map,0,164305,0,0,688.4024180180859,0.0
CVaR A*,lak201d.map,0,164305,0,0,844.2872260056902,0.0
Risk-Penalized A*,lak201d.map,0,2209,0,0,4.929198999889195,0.0
Risk-Penalized Dijkstra,lak201d.map,0,2209,0,0,4.487978003453463,0.0
Risk-Penalized Greedy,lak201d.map,0,2209,0,0,3.659395995782688,0.0
BFS,lak201d.map,0,2209,0,0,2.096016018185765,0.0
DFS,lak201d.map,0,2209,0,0,2.147353981854394,0.0
Dijkstra,lak201d.map,0,2209,0,0,3.7939999892842025,0.0
Greedy,lak201d.map,0,2209,0,0,3.528102010022849,0.0
ZEN,lak307d.map,62,62,1,0,0.2894890203606337,0.0
A*,lak307d.map,62,983,1,0,2.045739005552605,0.0
Weighted A*,lak307d.map,62,62,1,0,0.190677004866302,0.0
Chance-Constrained A*,lak307d.map,0,28225,0,0,105.91339899110608,0.0
CVaR A*,lak307d.map,0,28225,0,0,119.88619298790582,0.0
Risk-Penalized A*,lak307d.map,62,943,1,0,2.5221449905075133,0.0
Risk-Penalized Dijkstra,lak307d.map,62,4425,1,0,11.129947990411893,0.0
Risk-Penalized Greedy,lak307d.map,62,62,1,0,0.1966849958989769,0.0
BFS,lak307d.map,62,4620,1,0,5.24574497831054,0.0
DFS,lak307d.map,876,1977,1,0,1.080645975889638,670.0
Dijkstra,lak307d.map,62,4597,1,0,8.961398008977994,0.0
Greedy,lak307d.map,62,62,1,0,0.1785570057108998,0.0
ZEN,brc501d.map,367,18321,1,0,57.389655004953966,275.0
A*,brc501d.map,367,20198,1,0,46.74455799977295,533.0
Weighted A*,brc501d.map,465,16181,1,0,42.178271018201485,1812.0
Chance-Constrained A*,brc501d.map,0,259201,0,0,1156.5931099758018,0.0
CVaR A*,brc501d.map,0,259201,0,0,1268.589215003885,0.0
Risk-Penalized A*,brc501d.map,369,27875,1,0,75.89584501693025,82.0
Risk-Penalized Dijkstra,brc501d.map,0,0,0,0,0.0,0.0
Risk-Penalized Greedy,brc501d.map,537,12082,1,0,25.43194001191296,1209.0
BFS,brc501d.map,0,0,0,0,0.0,0.0
DFS,brc501d.map,4427,15397,1,0,11.835532990517097,3316.0
Dijkstra,brc501d.map,0,0,0,0,0.0,0.0
Greedy,brc501d.map,399,877,1,0,1.9371880043763667,674.0
ZEN,lgt601d.map,334,9944,1,0,31.29301400622353,75.0
A*,lgt601d.map,334,11858,1,0,28.47886100062169,901.0
Weighted A*,lgt601d.map,342,360,1,0,1.1191960074938834,1178.0
Chance-Constrained A*,lgt601d.map,0,266257,0,0,1381.19096000446,0.0
CVaR A*,lgt601d.map,0,266257,0,0,1461.6974060190842,0.0
Risk-Penalized A*,lgt601d.map,340,10699,1,0,31.45467399735935,14.0
Risk-Penalized Dijkstra,lgt601d.map,340,26902,1,0,73.29236599616706,14.0
Risk-Penalized Greedy,lgt601d.map,378,550,1,0,1.6564539982937276,111.0
BFS,lgt601d.map,334,27018,1,0,32.64927497366443,1433.0
DFS,lgt601d.map,6058,20772,1,0,18.319839000469077,5844.0
Dijkstra,lgt601d.map,334,26982,1,0,58.92196000786498,901.0
Greedy,lgt601d.map,348,352,1,0,1.0364129848312589,1269.0
ZEN,lgt600d.map,253,7710,1,0,26.479086984181777,695.0
A*,lgt600d.map,253,7736,1,0,16.926366981351748,1123.0
Weighted A*,lgt600d.map,269,2421,1,0,7.219249004265293,908.0
Chance-Constrained A*,lgt600d.map,0,1658941,0,0,10573.418224987108,0.0
CVaR A*,lgt600d.map,0,1658941,0,0,12281.1542149866,0.0
Risk-Penalized A*,lgt600d.map,257,9089,1,0,27.776072005508468,39.0
Risk-Penalized Dijkstra,lgt600d.map,257,18867,1,0,56.806750013493,39.0
Risk-Penalized Greedy,lgt600d.map,383,1423,1,0,3.6361130187287927,209.0
BFS,lgt600d.map,253,18873,1,0,26.436897984240204,1334.0
DFS,lgt600d.map,1597,17700,1,0,22.3192970152013,2368.0
Dijkstra,lgt600d.map,253,18868,1,0,44.717433978803456,1123.0
Greedy,lgt600d.map,379,1317,1,0,2.889326016884297,2360.0
ZEN,den600d.map,306,4270,1,0,13.64198699593544,775.0
A*,den600d.map,306,4374,1,0,8.611581986770034,1516.0
Weighted A*,den600d.map,312,3653,1,0,9.273038012906907,1866.0
Chance-Constrained A*,den600d.map,0,239305,0,0,1097.4365510046482,0.0
CVaR A*,den600d.map,0,239305,0,0,1249.919050023891,0.0
Risk-Penalized A*,den600d.map,308,4702,1,0,10.667394002666695,319.0
Risk-Penalized Dijkstra,den600d.map,308,5113,1,0,11.356108996551484,319.0
Risk-Penalized Greedy,den600d.map,360,1583,1,0,3.465287998551503,550.0
BFS,den600d.map,306,5144,1,0,5.732246994739398,1516.0
DFS,den600d.map,1396,3772,1,0,2.8521970089059323,3737.0
Dijkstra,den600d.map,306,5109,1,0,9.480167005676776,1516.0
Greedy,den600d.map,398,1235,1,0,2.491310995537788,2679.0
ZEN,den101d.map,0,1,0,0,0.0167609832715243,0.0
A*,den101d.map,0,1,0,0,0.006469985237345,0.0
Weighted A*,den101d.map,0,1,0,0,0.0019519939087331,0.0
Chance-Constrained A*,den101d.map,0,1,0,0,0.0059200101532042,0.0
CVaR A*,den101d.map,0,1,0,0,0.0031770032364875,0.0
Risk-Penalized A*,den101d.map,0,1,0,0,0.0016560079529881,0.0
Risk-Penalized Dijkstra,den101d.map,0,1,0,0,0.0012670061551034,0.0
Risk-Penalized Greedy,den101d.map,0,1,0,0,0.0020329898688942,0.0
BFS,den101d.map,0,1,0,0,0.0046420027501881,0.0
DFS,den101d.map,0,1,0,0,0.0017269921954721,0.0
Dijkstra,den101d.map,0,1,0,0,0.0015370023902505,0.0
Greedy,den101d.map,0,1,0,0,0.0011030060704797,0.0
ZEN,den602d.map,0,1,0,0,0.029709015507251,0.0
A*,den602d.map,0,1,0,0,0.006724992999807,0.0
Weighted A*,den602d.map,0,1,0,0,0.0022210006136447,0.0
Chance-Constrained A*,den602d.map,0,1,0,0,0.0062700128182768,0.0
CVaR A*,den602d.map,0,1,0,0,0.0034640252124518,0.0
Risk-Penalized A*,den602d.map,0,1,0,0,0.0021949817892163,0.0
Risk-Penalized Dijkstra,den602d.map,0,1,0,0,0.0013550161384046,0.0
Risk-Penalized Greedy,den602d.map,0,1,0,0,0.0023649772629141,0.0
BFS,den602d.map,0,1,0,0,0.0062840117607265,0.0
DFS,den602d.map,0,1,0,0,0.001756998244673,0.0
Dijkstra,den602d.map,0,1,0,0,0.0014019897207617,0.0
Greedy,den602d.map,0,1,0,0,0.0013679964467883,0.0
ZEN,orz302d.map,129,898,1,0,2.573131001554429,0.0
A*,orz302d.map,129,1341,1,0,2.739754010690376,480.0
Weighted A*,orz302d.map,133,141,1,0,0.3687730059027672,783.0
Chance-Constrained A*,orz302d.map,0,84681,0,0,380.0428769900464,0.0
CVaR A*,orz302d.map,0,84681,0,0,365.9921540238429,0.0
Risk-Penalized A*,orz302d.map,129,942,1,0,2.175528003135696,0.0
Risk-Penalized Dijkstra,orz302d.map,129,4034,1,0,8.521591022145003,0.0
Risk-Penalized Greedy,orz302d.map,133,133,1,0,0.3789449983742088,12.0
BFS,orz302d.map,129,4302,1,0,4.191068990621716,326.0
DFS,orz302d.map,619,5238,1,0,4.8840229865163565,1297.0
Dijkstra,orz302d.map,129,4275,1,0,7.710949023021385,480.0
Greedy,orz302d.map,135,136,1,0,0.3039459988940507,813.0
ZEN,combat.map,210,210,1,0,0.9786110022105275,0.0
A*,combat.map,210,10903,1,0,24.910609994549304,0.0
Weighted A*,combat.map,210,210,1,0,0.7078050111886114,0.0
Chance-Constrained A*,combat.map,0,136645,0,0,627.6466409908608,0.0
CVaR A*,combat.map,0,136645,0,0,659.5502790005412,0.0
Risk-Penalized A*,combat.map,210,10718,1,0,27.811622014269236,0.0
Risk-Penalized Dijkstra,combat.map,0,0,0,0,0.0,0.0
Risk-Penalized Greedy,combat.map,210,210,1,0,0.6765059952158481,0.0
BFS,combat.map,0,0,0,0,0.0,0.0
DFS,combat.map,10054,27754,1,0,21.834854007465765,3118.0
Dijkstra,combat.map,0,0,0,0,0.0,0.0
Greedy,combat.map,210,210,1,0,0.5618639988824725,0.0
ZEN,lak300d.map,184,1318,1,0,4.029631003504619,281.0
A*,lak300d.map,184,1639,1,0,3.5821800120174885,1090.0
Weighted A*,lak300d.map,192,355,1,0,0.9660549985710531,1280.0
Chance-Constrained A*,lak300d.map,184,722423,1,0,4056.666574004339,135.0
CVaR A*,lak300d.map,184,722423,1,0,4510.0672359985765,135.0
Risk-Penalized A*,lak300d.map,186,1741,1,0,4.881679982645437,15.0
Risk-Penalized Dijkstra,lak300d.map,186,11078,1,0,28.65262300474569,15.0
Risk-Penalized Greedy,lak300d.map,210,278,1,0,0.8102970023173839,69.0
BFS,lak300d.map,184,11543,1,0,14.41144000273198,616.0
DFS,lak300d.map,1486,4438,1,0,3.902992000803352,3890.0
Dijkstra,lak300d.map,184,11535,1,0,25.114677991950884,944.0
Greedy,lak300d.map,216,265,1,0,0.622658000793308,1761.0
ZEN,ost102d.map,0,212,0,0,0.5438330117613077,0.0
A*,ost102d.map,0,212,0,0,0.4031709977425635,0.0
Weighted A*,ost102d.map,0,212,0,0,0.5013980262447149,0.0
Chance-Constrained A*,ost102d.map,0,2465,0,0,9.010837995447218,0.0
CVaR A*,ost102d.map,0,2465,0,0,10.436059994390234,0.0
Risk-Penalized A*,ost102d.map,0,212,0,0,0.5733319849241525,0.0
Risk-Penalized Dijkstra,ost102d.map,0,212,0,0,0.4468749975785613,0.0
Risk-Penalized Greedy,ost102d.map,0,212,0,0,0.3877519920933991,0.0
BFS,ost102d.map,0,212,0,0,0.227145996177569,0.0
DFS,ost102d.map,0,212,0,0,0.2201430033892393,0.0
Dijkstra,ost102d.map,0,212,0,0,0.3806099994108081,0.0
Greedy,ost102d.map,0,212,0,0,0.3647860139608383,0.0
ZEN,ost101d.map,123,1705,1,0,8.908093994250521,168.0
A*,ost101d.map,123,1749,1,0,3.929666010662913,413.0
Weighted A*,ost101d.map,123,906,1,0,2.126131003024057,413.0
Chance-Constrained A*,ost101d.map,123,653349,1,0,3629.621441999916,50.0
CVaR A*,ost101d.map,123,653349,1,0,4246.584603009978,50.0
Risk-Penalized A*,ost101d.map,127,2199,1,0,5.9440449986141175,15.0
Risk-Penalized Dijkstra,ost101d.map,127,3210,1,0,8.321930014062673,15.0
Risk-Penalized Greedy,ost101d.map,133,505,1,0,1.148583018220961,128.0
BFS,ost101d.map,123,3176,1,0,4.007051000371575,413.0
DFS,ost101d.map,515,1665,1,0,1.4994020166341215,2032.0
Dijkstra,ost101d.map,123,3158,1,0,6.645776011282578,413.0
Greedy,ost101d.map,133,449,1,0,1.024591998429969,609.0
ZEN,ost002d.map,151,2605,1,0,10.947338974801823,50.0
A*,ost002d.map,151,2776,1,0,5.869829008588567,679.0
Weighted A*,ost002d.map,151,238,1,0,0.7197210215963423,679.0
Chance-Constrained A*,ost002d.map,0,104981,0,0,479.2507509991992,0.0
CVaR A*,ost002d.map,0,104981,0,0,562.2860790172126,0.0
Risk-Penalized A*,ost002d.map,157,2340,1,0,5.94526799977757,2.0
Risk-Penalized Dijkstra,ost002d.map,157,8685,1,0,22.64103697962128,2.0
Risk-Penalized Greedy,ost002d.map,153,154,1,0,0.511424004798755,62.0
BFS,ost002d.map,151,8986,1,0,10.615153994876891,679.0
DFS,ost002d.map,1019,4559,1,0,4.1271590162068605,2366.0
Dijkstra,ost002d.map,151,8916,1,0,18.51618601358496,679.0
Greedy,ost002d.map,165,238,1,0,0.5931389750912786,807.0
ZEN,ost001d.map,199,2887,1,0,9.247562993550671,388.0
A*,ost001d.map,199,2888,1,0,5.519019003259018,601.0
Weighted A*,ost001d.map,205,564,1,0,1.522375998320058,622.0
Chance-Constrained A*,ost001d.map,0,150545,0,0,667.2240839980077,0.0
CVaR A*,ost001d.map,0,150545,0,0,825.1380969886668,0.0
Risk-Penalized A*,ost001d.map,219,8953,1,0,24.318357987795025,91.0
Risk-Penalized Dijkstra,ost001d.map,219,10545,1,0,28.41031900607049,91.0
Risk-Penalized Greedy,ost001d.map,231,280,1,0,0.8523249998688698,373.0
BFS,ost001d.map,199,10231,1,0,12.581515009514987,590.0
DFS,ost001d.map,1583,8597,1,0,8.340399013832211,3164.0
Dijkstra,ost001d.map,199,10193,1,0,21.43229200737551,601.0
Greedy,ost001d.map,235,268,1,0,0.6856170075479895,1113.0
ZEN,den403d.map,0,1,0,0,0.0185589888133108,0.0
A*,den403d.map,0,1,0,0,0.0059950107242912,0.0
Weighted A*,den403d.map,0,1,0,0,0.0020669831428676,0.0
Chance-Constrained A*,den403d.map,0,1,0,0,0.0054459960665553,0.0
CVaR A*,den403d.map,0,1,0,0,0.0031550007406622,0.0
Risk-Penalized A*,den403d.map,0,1,0,0,0.0018719874788075,0.0
Risk-Penalized Dijkstra,den403d.map,0,1,0,0,0.0011360098142176,0.0
Risk-Penalized Greedy,den403d.map,0,1,0,0,0.0027139903977513,0.0
BFS,den403d.map,0,1,0,0,0.0050679955165833,0.0
DFS,den403d.map,0,1,0,0,0.0017290003597736,0.0
Dijkstra,den403d.map,0,1,0,0,0.0011879892554134,0.0
Greedy,den403d.map,0,1,0,0,0.0011759984772652,0.0
ZEN,den401d.map,0,5675,0,0,14.082550012972206,0.0
A*,den401d.map,0,5675,0,0,11.278745019808412,0.0
Weighted A*,den401d.map,0,5675,0,0,12.840222014347091,0.0
Chance-Constrained A*,den401d.map,0,117069,0,0,490.60427001677454,0.0
CVaR A*,den401d.map,0,117069,0,0,563.2115089974832,0.0
Risk-Penalized A*,den401d.map,0,5675,0,0,13.737314991885796,0.0
Risk-Penalized Dijkstra,den401d.map,0,5675,0,0,13.93796899355948,0.0
Risk-Penalized Greedy,den401d.map,0,5675,0,0,11.599785008002073,0.0
BFS,den401d.map,0,5675,0,0,6.6746119991876185,0.0
DFS,den401d.map,0,5675,0,0,6.413024995708838,0.0
Dijkstra,den401d.map,0,5675,0,0,10.972521995427089,0.0
Greedy,den401d.map,0,5675,0,0,10.278650996042415,0.0
ZEN,brc504d.map,329,11487,1,0,35.319381015142426,516.0
A*,brc504d.map,329,11732,1,0,27.48763401177712,1049.0
Weighted A*,brc504d.map,353,8044,1,0,23.32782599842176,1130.0
Chance-Constrained A*,brc504d.map,0,266241,0,0,1263.8701910036616,0.0
CVaR A*,brc504d.map,0,266241,0,0,1304.420989996288,0.0
Risk-Penalized A*,brc504d.map,345,16646,1,0,42.80827398179099,78.0
Risk-Penalized Dijkstra,brc504d.map,345,21352,1,0,52.08795701037161,78.0
Risk-Penalized Greedy,brc504d.map,481,2042,1,0,5.081772978883237,613.0
BFS,brc504d.map,329,22452,1,0,25.338183011626825,1605.0
DFS,brc504d.map,3239,38718,1,0,37.99942199839279,4804.0
Dijkstra,brc504d.map,329,22378,1,0,43.13251099665649,1060.0
Greedy,brc504d.map,545,2624,1,0,5.112771003041416,3149.0
ZEN,oth001d.map,63,382,1,0,1.155632024165243,5.0
A*,oth001d.map,63,695,1,0,1.4875350170768795,166.0
Weighted A*,oth001d.map,63,63,1,0,0.2008709998335689,166.0
Chance-Constrained A*,oth001d.map,63,112690,1,0,524.2206869879737,5.0
CVaR A*,oth001d.map,63,112690,1,0,621.1859259929042,5.0
Risk-Penalized A*,oth001d.map,65,441,1,0,1.37421497493051,2.0
Risk-Penalized Dijkstra,oth001d.map,65,2169,1,0,5.066826997790486,2.0
Risk-Penalized Greedy,oth001d.map,67,67,1,0,0.1970639859791845,15.0
BFS,oth001d.map,63,2253,1,0,2.501281996956095,430.0
DFS,oth001d.map,753,2256,1,0,1.771979994373396,1905.0
Dijkstra,oth001d.map,63,2234,1,0,4.4800330069847405,166.0
Greedy,oth001d.map,63,63,1,0,0.1745090121403336,166.0
ZEN,den502d.map,237,6429,1,0,31.582793017150838,105.0
A*,den502d.map,237,6438,1,0,14.648339012637734,256.0
Weighted A*,den502d.map,237,323,1,0,1.0406920046079904,256.0
Chance-Constrained A*,den502d.map,0,211845,0,0,867.5020359805785,0.0
CVaR A*,den502d.map,0,211845,0,0,1031.660892011132,0.0
Risk-Penalized A*,den502d.map,241,9061,1,0,22.271461988566443,37.0
Risk-Penalized Dijkstra,den502d.map,241,19543,1,0,47.1168139774818,37.0
Risk-Penalized Greedy,den502d.map,253,312,1,0,0.9357300004921854,130.0
BFS,den502d.map,237,17378,1,0,18.36493401788175,234.0
DFS,den502d.map,1833,18037,1,0,16.94296402274631,900.0
Dijkstra,den502d.map,237,17270,1,0,33.15787098836154,220.0
Greedy,den502d.map,259,287,1,0,0.7130240264814347,423.0
ZEN,brc503d.map,398,12545,1,0,39.91665199282579,536.0
A*,brc503d.map,398,12748,1,0,26.195742015261203,599.0
Weighted A*,brc503d.map,398,3258,1,0,7.974529988132417,599.0
Chance-Constrained A*,brc503d.map,0,328961,0,0,1530.9818820096552,0.0
CVaR A*,brc503d.map,0,328961,0,0,1682.2199769958388,0.0
Risk-Penalized A*,brc503d.map,416,14892,1,0,37.31479297857732,13.0
Risk-Penalized Dijkstra,brc503d.map,416,27778,1,0,70.32148499274626,13.0
Risk-Penalized Greedy,brc503d.map,414,907,1,0,2.353187999688089,551.0
BFS,brc503d.map,398,27996,1,0,31.572486012009904,734.0
DFS,brc503d.map,6196,48806,1,0,47.817725979257375,5304.0
Dijkstra,brc503d.map,398,27907,1,0,55.20192001131363,596.0
Greedy,brc503d.map,412,852,1,0,1.889000996015966,725.0
ZEN,lak401d.map,430,2581,1,0,10.18761601881124,743.0
A*,lak401d.map,430,2588,1,0,6.004526017932221,791.0
Weighted A*,lak401d.map,442,682,1,0,2.037114987615496,719.0
Chance-Constrained A*,lak401d.map,430,854730,1,0,5225.826100999257,631.0
CVaR A*,lak401d.map,430,854730,1,0,5434.967749984935,631.0
Risk-Penalized A*,lak401d.map,444,14066,1,0,40.56586601654999,116.0
Risk-Penalized Dijkstra,lak401d.map,444,30003,1,0,83.70136300800368,116.0
Risk-Penalized Greedy,lak401d.map,462,543,1,0,1.837789983255789,340.0
BFS,lak401d.map,0,0,0,0,0.0,0.0
DFS,lak401d.map,1208,15628,1,0,18.19972600787878,2280.0
Dijkstra,lak401d.map,0,0,0,0,0.0,0.0
Greedy,lak401d.map,444,501,1,0,1.516180025646463,725.0
ZEN,den405d.map,0,329,0,0,0.7762140012346208,0.0
A*,den405d.map,0,329,0,0,0.7643709832336754,0.0
Weighted A*,den405d.map,0,329,0,0,0.6707689899485558,0.0
Chance-Constrained A*,den405d.map,0,12433,0,0,46.84055299730972,0.0
CVaR A*,den405d.map,0,12433,0,0,52.292131003923714,0.0
Risk-Penalized A*,den405d.map,0,329,0,0,0.799467001343146,0.0
Risk-Penalized Dijkstra,den405d.map,0,329,0,0,0.6811069906689227,0.0
Risk-Penalized Greedy,den405d.map,0,329,0,0,0.5882130062673241,0.0
BFS,den405d.map,0,329,0,0,0.3499609883874655,0.0
DFS,den405d.map,0,329,0,0,0.3450789954513311,0.0
Dijkstra,den405d.map,0,329,0,0,0.5483209970407188,0.0
Greedy,den405d.map,0,329,0,0,0.5359739880077541,0.0
ZEN,orz999d.map,716,4349,1,0,19.61012597894296,1023.0
A*,orz999d.map,716,14387,1,0,37.69371399539523,4536.0
Weighted A*,orz999d.map,724,3153,1,0,9.267198998713866,4685.0
Chance-Constrained A*,orz999d.map,0,1764545,0,0,12111.84078999213,0.0
CVaR A*,orz999d.map,0,1764545,0,0,13162.111737998202,0.0
Risk-Penalized A*,orz999d.map,720,12133,1,0,38.97233298630454,0.0
Risk-Penalized Dijkstra,orz999d.map,720,41597,1,0,124.42417800775728,0.0
Risk-Penalized Greedy,orz999d.map,800,1640,1,0,5.1323529914952815,403.0
BFS,orz999d.map,716,42229,1,0,58.59516898635775,4060.0
DFS,orz999d.map,10856,35426,1,0,34.78158701909706,14626.0
Dijkstra,orz999d.map,716,42182,1,0,102.4206810106989,4536.0
Greedy,orz999d.map,802,1560,1,0,3.7492999981623134,5626.0
ZEN,rmtst01.map,0,1368,0,0,3.388034994713962,0.0
A*,rmtst01.map,0,1368,0,0,2.6158280088566244,0.0
Weighted A*,rmtst01.map,0,1368,0,0,2.920622006058693,0.0
Chance-Constrained A*,rmtst01.map,0,36401,0,0,147.15433801757172,0.0
CVaR A*,rmtst01.map,0,36401,0,0,165.6306659861002,0.0
Risk-Penalized A*,rmtst01.map,0,1368,0,0,3.349841979797929,0.0
Risk-Penalized Dijkstra,rmtst01.map,0,1368,0,0,3.1381990120280534,0.0
Risk-Penalized Greedy,rmtst01.map,0,1368,0,0,2.6635469985194504,0.0
BFS,rmtst01.map,0,1368,0,0,1.6647960001137108,0.0
DFS,rmtst01.map,0,1368,0,0,1.4409759896807373,0.0
Dijkstra,rmtst01.map,0,1368,0,0,2.61225999565795,0.0
Greedy,rmtst01.map,0,1368,0,0,2.4977830180432647,0.0
ZEN,orz101d.map,65,621,1,0,2.2311449865810573,44.0
A*,orz101d.map,65,640,1,0,1.3064430095255375,245.0
Weighted A*,orz101d.map,69,84,1,0,0.223898998228833,345.0
Chance-Constrained A*,orz101d.map,0,18241,0,0,70.79664699267596,0.0
CVaR A*,orz101d.map,0,18241,0,0,82.47238598414697,0.0
Risk-Penalized A*,orz101d.map,67,856,1,0,2.1880190179217607,29.0
Risk-Penalized Dijkstra,orz101d.map,67,1638,1,0,3.783802007092163,29.0
Risk-Penalized Greedy,orz101d.map,73,86,1,0,0.2440509852021932,93.0
BFS,orz101d.map,65,1737,1,0,1.989550015423447,245.0
DFS,orz101d.map,359,1502,1,0,1.182117994176224,1403.0
Dijkstra,orz101d.map,65,1722,1,0,3.078686015214771,245.0
Greedy,orz101d.map,75,79,1,0,0.1970489975064993,441.0
ZEN,orz105d.map,53,172,1,0,0.5880819808226079,147.0
A*,orz105d.map,53,178,1,0,0.3773050266318023,209.0
Weighted A*,orz105d.map,53,65,1,0,0.1630769984330982,209.0
Chance-Constrained A*,orz105d.map,53,4365,1,0,17.04024098580703,129.0
CVaR A*,orz105d.map,53,4365,1,0,18.184654996730387,129.0
Risk-Penalized A*,orz105d.map,57,500,1,0,1.2505039921961725,80.0
Risk-Penalized Dijkstra,orz105d.map,57,645,1,0,1.3234580110292882,80.0
Risk-Penalized Greedy,orz105d.map,55,64,1,0,0.1736139820422977,128.0
BFS,orz105d.map,53,663,1,0,0.6522070034407079,192.0
DFS,orz105d.map,59,373,1,0,0.3155760059598833,178.0
Dijkstra,orz105d.map,53,652,1,0,1.0545649856794626,209.0
Greedy,orz105d.map,57,63,1,0,0.1367929799016565,242.0
ZEN,lak506d.map,436,9302,1,0,26.14487800747156,1891.0
A*,lak506d.map,436,9306,1,0,20.179988991003484,2629.0
Weighted A*,lak506d.map,440,8578,1,0,20.009948988445103,2592.0
Chance-Constrained A*,lak506d.map,0,159081,0,0,677.2499129874632,0.0
CVaR A*,lak506d.map,0,159081,0,0,788.4871479764115,0.0
Risk-Penalized A*,lak506d.map,456,11836,1,0,31.744934007292613,220.0
Risk-Penalized Dijkstra,lak506d.map,456,13681,1,0,34.57651598728262,220.0
Risk-Penalized Greedy,lak506d.map,516,3055,1,0,7.16463997378014,921.0
BFS,lak506d.map,436,13209,1,0,16.059105983003974,2219.0
DFS,lak506d.map,1620,9022,1,0,8.571455982746556,4773.0
Dijkstra,lak506d.map,436,13164,1,0,26.59519901499152,2485.0
Greedy,lak506d.map,544,2800,1,0,5.44287302182056,3683.0
ZEN,den200n.map,428,7077,1,0,29.636496008606628,507.0
A*,den200n.map,428,7414,1,0,17.955921997781843,1833.0
Weighted A*,den200n.map,438,1983,1,0,6.146230996819213,1955.0
Chance-Constrained A*,den200n.map,0,582401,0,0,3240.6010099803098,0.0
CVaR A*,den200n.map,0,582401,0,0,3474.886490002973,0.0
Risk-Penalized A*,den200n.map,436,6890,1,0,19.1281320003327,0.0
Risk-Penalized Dijkstra,den200n.map,436,14033,1,0,37.79767200467177,0.0
Risk-Penalized Greedy,den200n.map,464,770,1,0,2.2302489960566163,557.0
BFS,den200n.map,428,14083,1,0,17.30430597672239,701.0
DFS,den200n.map,2224,12156,1,0,12.77365899295546,4935.0
Dijkstra,den200n.map,428,14069,1,0,29.321627982426435,1671.0
Greedy,den200n.map,510,781,1,0,2.0092589838895947,2781.0
ZEN,den201d.map,46,238,1,0,0.7940710056573153,22.0
A*,den201d.map,46,312,1,0,0.6076189747545868,229.0
Weighted A*,den201d.map,46,46,1,0,0.1224459847435355,229.0
Chance-Constrained A*,den201d.map,0,5477,0,0,18.89304502401501,0.0
CVaR A*,den201d.map,0,5477,0,0,22.950898011913523,0.0
Risk-Penalized A*,den201d.map,50,316,1,0,0.863366003613919,6.0
Risk-Penalized Dijkstra,den201d.map,50,469,1,0,1.0310859943274409,6.0
Risk-Penalized Greedy,den201d.map,48,49,1,0,0.1468809787184,12.0
BFS,den201d.map,46,494,1,0,0.5174840043764561,229.0
DFS,den201d.map,192,392,1,0,0.2433079935144633,834.0
Dijkstra,den201d.map,46,485,1,0,0.8116739918477833,229.0
Greedy,den201d.map,46,46,1,0,0.1050099963322281,229.0
ZEN,brc201d.map,661,13621,1,0,38.37623001891188,1808.0
A*,brc201d.map,661,14125,1,0,32.576469995547086,3156.0
Weighted A*,brc201d.map,679,10556,1,0,29.786044993670657,3125.0
Chance-Constrained A*,brc201d.map,0,606833,0,0,3152.9288919991814,0.0
CVaR A*,brc201d.map,0,606833,0,0,3493.744898994919,0.0
Risk-Penalized A*,brc201d.map,675,14242,1,0,38.58486897661351,9.0
Risk-Penalized Dijkstra,brc201d.map,675,19643,1,0,48.29680398688652,9.0
Risk-Penalized Greedy,brc201d.map,787,1825,1,0,4.9463509931229055,535.0
BFS,brc201d.map,661,19752,1,0,24.05441500013694,3434.0
DFS,brc201d.map,3037,9431,1,0,7.476232014596462,6727.0
Dijkstra,brc201d.map,661,19723,1,0,43.37263299385086,3090.0
Greedy,brc201d.map,837,1702,1,0,3.748593997443095,5002.0
ZEN,hrt001d.map,119,835,1,0,3.1449139933101837,4.0
A*,hrt001d.map,119,1144,1,0,2.2713410144206136,4.0
Weighted A*,hrt001d.map,119,119,1,0,0.3774570068344474,4.0
Chance-Constrained A*,hrt001d.map,0,46593,0,0,177.70708800526336,0.0
CVaR A*,hrt001d.map,0,46593,0,0,219.21491299872287,0.0
Risk-Penalized A*,hrt001d.map,119,988,1,0,2.305197005625814,4.0
Risk-Penalized Dijkstra,hrt001d.map,119,3187,1,0,6.47574700997211,4.0
Risk-Penalized Greedy,hrt001d.map,119,120,1,0,0.3512669936753809,4.0
BFS,hrt001d.map,119,3413,1,0,3.216271026758477,4.0
DFS,hrt001d.map,651,2731,1,0,1.90948901581578,1352.0
Dijkstra,hrt001d.map,119,3383,1,0,5.644896009471268,4.0
Greedy,hrt001d.map,119,119,1,0,0.3031690139323473,4.0
ZEN,lak104d.map,39,155,1,0,0.4867569950874895,91.0
A*,lak104d.map,39,160,1,0,0.4430429835338145,216.0
Weighted A*,lak104d.map,41,42,1,0,0.1256529940292239,223.0
Chance-Constrained A*,lak104d.map,0,6725,0,0,26.059319992782548,0.0
CVaR A*,lak104d.map,0,6725,0,0,28.57643199968152,0.0
Risk-Penalized A*,lak104d.map,51,679,1,0,1.7703890043776482,61.0
Risk-Penalized Dijkstra,lak104d.map,51,843,1,0,1.9173899781890211,61.0
Risk-Penalized Greedy,lak104d.map,53,95,1,0,0.2313790027983486,73.0
BFS,lak104d.map,39,846,1,0,0.9085540077649056,205.0
DFS,lak104d.map,263,810,1,0,0.6277229986153543,807.0
Dijkstra,lak104d.map,39,836,1,0,1.5378310054074973,216.0
Greedy,lak104d.map,41,42,1,0,0.102496996987611,223.0
ZEN,orz100d.map,882,59543,1,0,226.60768998321143,2507.0
A*,orz100d.map,882,62185,1,0,161.9458119967021,3750.0
Weighted A*,orz100d.map,890,55001,1,0,156.3580380170606,3792.0
Chance-Constrained A*,orz100d.map,0,650961,0,0,3584.512547997292,0.0
CVaR A*,orz100d.map,0,650961,0,0,4053.704428981291,0.0
Risk-Penalized A*,orz100d.map,904,65275,1,0,199.6525530121289,426.0
Risk-Penalized Dijkstra,orz100d.map,904,96067,1,0,283.30116500728764,426.0
Risk-Penalized Greedy,orz100d.map,1198,17881,1,0,41.3608519884292,1448.0
BFS,orz100d.map,882,94329,1,0,126.50020900764504,3539.0
DFS,orz100d.map,9116,48114,1,0,49.48242401587777,12462.0
Dijkstra,orz100d.map,882,94072,1,0,229.348832013784,3131.0
Greedy,orz100d.map,1232,17511,1,0,37.1330120251514,6014.0
ZEN,lak403d.map,213,3108,1,0,11.566755012609065,870.0
A*,lak403d.map,213,3123,1,0,7.381764007732272,937.0
Weighted A*,lak403d.map,215,1242,1,0,3.341595001984388,940.0
Chance-Constrained A*,lak403d.map,213,519390,1,0,2840.9597179852426,592.0
CVaR A*,lak403d.map,213,519390,1,0,3244.783715024824,592.0
Risk-Penalized A*,lak403d.map,217,17575,1,0,53.57561699929647,177.0
Risk-Penalized Dijkstra,lak403d.map,217,24939,1,0,75.10063500376418,177.0
Risk-Penalized Greedy,lak403d.map,255,705,1,0,1.870133011834696,247.0
BFS,lak403d.map,213,23280,1,0,32.20783997676335,976.0
DFS,lak403d.map,801,13506,1,0,15.605749998940157,1343.0
Dijkstra,lak403d.map,213,23228,1,0,55.90870801825076,659.0
Greedy,lak403d.map,247,587,1,0,1.3918940094299614,1120.0
ZEN,lak101d.map,37,155,1,0,0.4289929929655045,57.0
A*,lak101d.map,37,215,1,0,0.587237998843193,115.0
Weighted A*,lak101d.map,37,37,1,0,0.1933870080392807,115.0
Chance-Constrained A*,lak101d.map,0,3721,0,0,15.828483999939635,0.0
CVaR A*,lak101d.map,0,3721,0,0,14.890121994540095,0.0
Risk-Penalized A*,lak101d.map,37,215,1,0,0.6957540172152221,57.0
Risk-Penalized Dijkstra,lak101d.map,37,287,1,0,0.6128069944679737,57.0
Risk-Penalized Greedy,lak101d.map,37,37,1,0,0.1156060025095939,72.0
BFS,lak101d.map,37,311,1,0,0.3567709936760366,325.0
DFS,lak101d.map,131,304,1,0,0.1953939790837466,356.0
Dijkstra,lak101d.map,37,306,1,0,0.5175409896764904,115.0
Greedy,lak101d.map,37,37,1,0,0.0934020208660513,115.0
ZEN,lak200d.map,188,5191,1,0,14.06529700034298,474.0
A*,lak200d.map,188,5260,1,0,10.685246001230553,936.0
Weighted A*,lak200d.map,190,4740,1,0,11.155029002111403,950.0
Chance-Constrained A*,lak200d.map,0,367489,0,0,1763.0328829982318,0.0
CVaR A*,lak200d.map,0,367489,0,0,1966.8214239936788,0.0
Risk-Penalized A*,lak200d.map,200,5693,1,0,13.603780011180788,34.0
Risk-Penalized Dijkstra,lak200d.map,200,7552,1,0,18.344693002291024,34.0
Risk-Penalized Greedy,lak200d.map,214,2934,1,0,6.014490994857624,153.0
BFS,lak200d.map,188,7870,1,0,8.780820004176348,907.0
DFS,lak200d.map,1666,7403,1,0,6.308120995527133,2367.0
Dijkstra,lak200d.map,188,7849,1,0,14.562640979420394,837.0
Greedy,lak200d.map,208,2829,1,0,5.13512798352167,1261.0
ZEN,den400d.map,273,9240,1,0,43.77762900548987,24.0
A*,den400d.map,273,9999,1,0,25.100799015490335,695.0
Weighted A*,den400d.map,283,407,1,0,1.308991020778194,771.0
Chance-Constrained A*,den400d.map,0,277649,0,0,1364.7413330036215,0.0
CVaR A*,den400d.map,0,277649,0,0,1436.481423996156,0.0
Risk-Penalized A*,den400d.map,277,11067,1,0,32.37490798346698,9.0
Risk-Penalized Dijkstra,den400d.map,277,27325,1,0,72.90854898747057,9.0
Risk-Penalized Greedy,den400d.map,305,375,1,0,1.2172319984529167,265.0
BFS,den400d.map,273,26754,1,0,32.331327005522326,695.0
DFS,den400d.map,3007,17333,1,0,16.545444988878444,3378.0
Dijkstra,den400d.map,273,26667,1,0,57.38227799884044,695.0
Greedy,den400d.map,307,350,1,0,0.9511690004728734,584.0
ZEN,lak109d.map,28,69,1,0,0.210482015972957,70.0
A*,lak109d.map,28,69,1,0,0.1372680126223713,150.0
Weighted A*,lak109d.map,28,28,1,0,0.0775700027588754,150.0
Chance-Constrained A*,lak109d.map,28,2698,1,0,10.150366026209667,70.0
CVaR A*,lak109d.map,28,2698,1,0,42.89665000396781,70.0
Risk-Penalized A*,lak109d.map,32,198,1,0,0.4960950172971934,45.0
Risk-Penalized Dijkstra,lak109d.map,32,224,1,0,0.4408969834912568,45.0
Risk-Penalized Greedy,lak109d.map,30,44,1,0,0.1110000011976808,55.0
BFS,lak109d.map,28,258,1,0,0.2782230149023235,150.0
DFS,lak109d.map,28,60,1,0,0.0380690034944564,172.0
Dijkstra,lak109d.map,28,243,1,0,0.4099190118722617,150.0
Greedy,lak109d.map,28,28,1,0,0.0669760047458112,150.0
ZEN,rmtst.map,0,1374,0,0,3.513717994792387,0.0
A*,rmtst.map,0,1374,0,0,2.6695810083765537,0.0
Weighted A*,rmtst.map,0,1374,0,0,2.9952740005683154,0.0
Chance-Constrained A*,rmtst.map,0,36401,0,0,152.99786199466325,0.0
CVaR A*,rmtst.map,0,36401,0,0,208.682387979934,0.0
Risk-Penalized A*,rmtst.map,0,1374,0,0,3.5971180186606944,0.0
Risk-Penalized Dijkstra,rmtst.map,0,1374,0,0,3.2737729779910296,0.0
Risk-Penalized Greedy,rmtst.map,0,1374,0,0,2.8664999990724027,0.0
BFS,rmtst.map,0,1374,0,0,1.629548001801595,0.0
DFS,rmtst.map,0,1374,0,0,1.660655019804835,0.0
Dijkstra,rmtst.map,0,1374,0,0,2.6728430239018053,0.0
Greedy,rmtst.map,0,1374,0,0,2.5734130176715557,0.0
ZEN,oth999d.map,0,1,0,0,0.1519699872005731,0.0
A*,oth999d.map,0,1,0,0,0.0354040239471942,0.0
Weighted A*,oth999d.map,0,1,0,0,0.0078179873526096,0.0
Chance-Constrained A*,oth999d.map,0,1,0,0,0.0173739972524344,0.0
CVaR A*,oth999d.map,0,1,0,0,0.009267998393625,0.0
Risk-Penalized A*,oth999d.map,0,1,0,0,0.0030800001695752,0.0
Risk-Penalized Dijkstra,oth999d.map,0,1,0,0,0.0045230262912809,0.0
Risk-Penalized Greedy,oth999d.map,0,1,0,0,0.0082759943325072,0.0
BFS,oth999d.map,0,1,0,0,0.025932997232303,0.0
DFS,oth999d.map,0,1,0,0,0.0086300133261829,0.0
Dijkstra,oth999d.map,0,1,0,0,0.0056640128605067,0.0
Greedy,oth999d.map,0,1,0,0,0.0055140117183327,0.0
ZEN,rmtst03.map,0,1333,0,0,3.420068009290844,0.0
A*,rmtst03.map,0,1333,0,0,2.648108988068998,0.0
Weighted A*,rmtst03.map,0,1333,0,0,2.9547809972427785,0.0
Chance-Constrained A*,rmtst03.map,0,35673,0,0,143.07291599106975,0.0
CVaR A*,rmtst03.map,0,35673,0,0,203.0550639901776,0.0
Risk-Penalized A*,rmtst03.map,0,1333,0,0,3.47785500343889,0.0
Risk-Penalized Dijkstra,rmtst03.map,0,1333,0,0,3.10123001690954,0.0
Risk-Penalized Greedy,rmtst03.map,0,1333,0,0,2.536928019253537,0.0
BFS,rmtst03.map,0,1333,0,0,1.43242598278448,0.0
DFS,rmtst03.map,0,1333,0,0,1.622368989046663,0.0
Dijkstra,rmtst03.map,0,1333,0,0,2.442793018417433,0.0
Greedy,rmtst03.map,0,1333,0,0,2.3349120165221398,0.0
ZEN,orz700d.map,1356,63692,1,0,200.87612900533716,2887.0
A*,orz700d.map,1356,64605,1,0,155.5799590132665,5364.0
Weighted A*,orz700d.map,1430,18512,1,0,56.29854500875808,6361.0
Chance-Constrained A*,orz700d.map,0,5564161,0,0,45998.44429598306,0.0
CVaR A*,orz700d.map,0,5564161,0,0,48990.34135599504,0.0
Risk-Penalized A*,orz700d.map,1404,70664,1,0,219.7551199933514,149.0
Risk-Penalized Dijkstra,orz700d.map,1404,89896,1,0,260.6449800077826,149.0
Risk-Penalized Greedy,orz700d.map,1974,7944,1,0,20.64496101229452,1273.0
BFS,orz700d.map,1356,90071,1,0,123.4496769902762,5739.0
DFS,orz700d.map,6756,85304,1,0,105.35327499383128,16654.0
Dijkstra,orz700d.map,1356,90059,1,0,214.31462999316864,4959.0
Greedy,orz700d.map,1988,7819,1,0,17.797252017771825,12126.0
ZEN,lak100c.map,850,23389,1,0,83.95813999231905,2466.0
A*,lak100c.map,850,27327,1,0,73.35987099213526,4658.0
Weighted A*,lak100c.map,862,23116,1,0,68.19034399813972,4841.0
Chance-Constrained A*,lak100c.map,0,1706537,0,0,10906.943831010722,0.0
CVaR A*,lak100c.map,0,1706537,0,0,11854.287469992414,0.0
Risk-Penalized A*,lak100c.map,882,25919,1,0,81.62863299367018,0.0
Risk-Penalized Dijkstra,lak100c.map,882,33163,1,0,94.62907401029952,0.0
Risk-Penalized Greedy,lak100c.map,892,12005,1,0,30.23455699440092,472.0
BFS,lak100c.map,850,33295,1,0,45.50403100438416,3946.0
DFS,lak100c.map,4720,28617,1,0,33.06256499490701,8988.0
Dijkstra,lak100c.map,850,33281,1,0,77.45934301055968,4184.0
Greedy,lak100c.map,888,11817,1,0,26.658326998585835,5166.0
ZEN,den203d.map,69,604,1,0,1.583796984050423,162.0
A*,den203d.map,69,674,1,0,1.3142889947630465,263.0
Weighted A*,den203d.map,69,402,1,0,1.0146080167032778,263.0
Chance-Constrained A*,den203d.map,0,28645,0,0,107.29993198765442,0.0
CVaR A*,den203d.map,0,28645,0,0,126.40704298974016,0.0
Risk-Penalized A*,den203d.map,69,928,1,0,2.4387970042880625,96.0
Risk-Penalized Dijkstra,den203d.map,69,1545,1,0,3.514307987643406,96.0
Risk-Penalized Greedy,den203d.map,73,299,1,0,0.6737110088579357,108.0
BFS,den203d.map,69,1607,1,0,1.7270930111408234,314.0
DFS,den203d.map,295,678,1,0,0.4480509960558265,990.0
Dijkstra,den203d.map,69,1553,1,0,2.8181810048408806,263.0
Greedy,den203d.map,71,138,1,0,0.2913890057243407,291.0
ZEN,den407d.map,52,245,1,0,1.3761960144620389,91.0
A*,den407d.map,52,267,1,0,0.5828540015500039,230.0
Weighted A*,den407d.map,52,54,1,0,0.1705829927232116,230.0
Chance-Constrained A*,den407d.map,0,7525,0,0,28.333014983218163,0.0
CVaR A*,den407d.map,0,7525,0,0,63.38010900071822,0.0
Risk-Penalized A*,den407d.map,58,593,1,0,1.5157689922489226,24.0
Risk-Penalized Dijkstra,den407d.map,58,749,1,0,1.652780018048361,24.0
Risk-Penalized Greedy,den407d.map,56,56,1,0,0.1673350052442401,77.0
BFS,den407d.map,52,777,1,0,0.8082710264716297,124.0
DFS,den407d.map,144,349,1,0,0.1910190039779991,629.0
Dijkstra,den407d.map,52,759,1,0,1.3139829970896244,230.0
Greedy,den407d.map,52,54,1,0,0.1313099928665906,230.0
ZEN,lak404d.map,0,1,0,0,0.1453849836252629,0.0
A*,lak404d.map,0,1,0,0,0.0244110124185681,0.0
Weighted A*,lak404d.map,0,1,0,0,0.0053599942475557,0.0
Chance-Constrained A*,lak404d.map,0,1,0,0,0.0278910156339406,0.0
CVaR A*,lak404d.map,0,1,0,0,0.0158559996634721,0.0
Risk-Penalized A*,lak404d.map,0,1,0,0,0.0025609915610402,0.0
Risk-Penalized Dijkstra,lak404d.map,0,1,0,0,0.0013660173863172,0.0
Risk-Penalized Greedy,lak404d.map,0,1,0,0,0.0040759914554655,0.0
BFS,lak404d.map,0,1,0,0,0.0293559860438108,0.0
DFS,lak404d.map,0,1,0,0,0.0059870071709156,0.0
Dijkstra,lak404d.map,0,1,0,0,0.0030779920052736,0.0
Greedy,lak404d.map,0,1,0,0,0.0015459954738616,0.0
ZEN,brc203d.map,357,8244,1,0,28.38365299976431,663.0
A*,brc203d.map,357,8557,1,0,18.825234001269564,1440.0
Weighted A*,brc203d.map,371,6180,1,0,17.268665018491447,1650.0
Chance-Constrained A*,brc203d.map,0,428537,0,0,2191.872825991595,0.0
CVaR A*,brc203d.map,0,428537,0,0,2291.9914039957803,0.0
Risk-Penalized A*,brc203d.map,365,8364,1,0,19.83460001065396,72.0
Risk-Penalized Dijkstra,brc203d.map,365,17688,1,0,42.55856899544597,72.0
Risk-Penalized Greedy,brc203d.map,499,1964,1,0,4.498445021454245,483.0
BFS,brc203d.map,357,18858,1,0,20.806525979423892,1410.0
DFS,brc203d.map,1979,7026,1,0,5.860203003976494,4162.0
Dijkstra,brc203d.map,357,18785,1,0,36.9432820007205,1440.0
Greedy,brc203d.map,529,1856,1,0,3.5971030010841787,3061.0
ZEN,lak302d.map,351,5809,1,0,17.429842002457008,779.0
A*,lak302d.map,351,5841,1,0,11.993820982752368,1420.0
Weighted A*,lak302d.map,357,3687,1,0,9.19775798683986,1444.0
Chance-Constrained A*,lak302d.map,0,223109,0,0,1070.767558994703,0.0
CVaR A*,lak302d.map,0,223109,0,0,1139.1538030002266,0.0
Risk-Penalized A*,lak302d.map,361,10838,1,0,27.6399590075016,132.0
Risk-Penalized Dijkstra,lak302d.map,361,14782,1,0,36.73733898904175,132.0
Risk-Penalized Greedy,lak302d.map,401,2069,1,0,4.444362013600767,586.0
BFS,lak302d.map,351,14649,1,0,16.36250299634412,1412.0
DFS,lak302d.map,1641,5519,1,0,4.727129999082536,4147.0
Dijkstra,lak302d.map,351,14558,1,0,28.81294401595369,1420.0
Greedy,lak302d.map,519,1986,1,0,3.758311999263242,2977.0
ZEN,brc997d.map,285,1390,1,0,5.274134018691257,445.0
A*,brc997d.map,285,3919,1,0,8.230224018916488,956.0
Weighted A*,brc997d.map,295,735,1,0,1.7355409800074997,1030.0
Chance-Constrained A*,brc997d.map,0,262145,0,0,1153.702918003546,0.0
CVaR A*,brc997d.map,0,262145,0,0,1243.1803249928637,0.0
Risk-Penalized A*,brc997d.map,289,2637,1,0,6.454681977629662,18.0
Risk-Penalized Dijkstra,brc997d.map,289,17789,1,0,42.80073297559284,18.0
Risk-Penalized Greedy,brc997d.map,325,525,1,0,1.3331219961401075,294.0
BFS,brc997d.map,285,18693,1,0,19.71432098071091,624.0
DFS,brc997d.map,1693,12377,1,0,10.850214021047575,2614.0
Dijkstra,brc997d.map,285,18625,1,0,35.18256501411088,956.0
Greedy,brc997d.map,317,499,1,0,1.1052580084651709,1298.0